Customer_ID,Segment_ID
CUST0001,SEG146
CUST0002,SEG002
CUST0003,SEG121
CUST0004,SEG168
CUST0005,SEG019
CUST0006,SEG016
CUST0007,SEG146
CUST0008,SEG017
CUST0009,SEG046
CUST0010,SEG115
CUST0011,SEG054
CUST0012,SEG042
CUST0013,SEG128
CUST0014,SEG013
CUST0015,SEG085
CUST0016,SEG108
CUST0017,SEG074
CUST0018,SEG075
CUST0019,SEG016
CUST0020,SEG077
CUST0021,SEG127
CUST0022,SEG197
CUST0023,SEG093
CUST0024,SEG014
CUST0025,SEG043
CUST0026,SEG167
CUST0027,SEG036
CUST0028,SEG004
CUST0029,SEG138
CUST0030,SEG042
CUST0031,SEG091
CUST0032,SEG162
CUST0033,SEG071
CUST0034,SEG001
CUST0035,SEG166
CUST0036,SEG110
CUST0037,SEG093
CUST0038,SEG126
CUST0039,SEG191
CUST0040,SEG174
CUST0041,SEG058
CUST0042,SEG136
CUST0043,SEG160
CUST0044,SEG124
CUST0045,SEG112
CUST0046,SEG180
CUST0047,SEG049
CUST0048,SEG071
CUST0049,SEG121
CUST0050,SEG147
CUST0051,SEG172
CUST0052,SEG150
CUST0053,SEG106
CUST0054,SEG020
CUST0055,SEG148
CUST0056,SEG007
CUST0057,SEG105
CUST0058,SEG123
CUST0059,SEG181
CUST0060,SEG143
CUST0061,SEG066
CUST0062,SEG152
CUST0063,SEG150
CUST0064,SEG139
CUST0065,SEG179
CUST0066,SEG112
CUST0067,SEG108
CUST0068,SEG092
CUST0069,SEG036
CUST0070,SEG163
CUST0071,SEG062
CUST0072,SEG045
CUST0073,SEG167
CUST0074,SEG176
CUST0075,SEG149
CUST0076,SEG070
CUST0077,SEG131
CUST0078,SEG125
CUST0079,SEG075
CUST0080,SEG107
CUST0081,SEG198
CUST0082,SEG179
CUST0083,SEG032
CUST0084,SEG106
CUST0085,SEG024
CUST0086,SEG128
CUST0087,SEG157
CUST0088,SEG040
CUST0089,SEG035
CUST0090,SEG061
CUST0091,SEG140
CUST0092,SEG163
CUST0093,SEG100
CUST0094,SEG110
CUST0095,SEG064
CUST0096,SEG158
CUST0097,SEG197
CUST0098,SEG172
CUST0099,SEG138
CUST0100,SEG038
CUST0101,SEG045
CUST0102,SEG083
CUST0103,SEG199
CUST0104,SEG184
CUST0105,SEG076
CUST0106,SEG067
CUST0107,SEG137
CUST0108,SEG033
CUST0109,SEG050
CUST0110,SEG085
CUST0111,SEG173
CUST0112,SEG075
CUST0113,SEG114
CUST0114,SEG054
CUST0115,SEG119
CUST0116,SEG100
CUST0117,SEG023
CUST0118,SEG162
CUST0119,SEG002
CUST0120,SEG137
CUST0121,SEG023
CUST0122,SEG045
CUST0123,SEG006
CUST0124,SEG195
CUST0125,SEG075
CUST0126,SEG196
CUST0127,SEG017
CUST0128,SEG017
CUST0129,SEG082
CUST0130,SEG073
CUST0131,SEG013
CUST0132,SEG058
CUST0133,SEG185
CUST0134,SEG058
CUST0135,SEG099
CUST0136,SEG059
CUST0137,SEG119
CUST0138,SEG005
CUST0139,SEG011
CUST0140,SEG020
CUST0141,SEG169
CUST0142,SEG195
CUST0143,SEG071
CUST0144,SEG111
CUST0145,SEG059
CUST0146,SEG158
CUST0147,SEG045
CUST0148,SEG045
CUST0149,SEG074
CUST0150,SEG034
CUST0151,SEG021
CUST0152,SEG052
CUST0153,SEG136
CUST0154,SEG009
CUST0155,SEG051
CUST0156,SEG064
CUST0157,SEG164
CUST0158,SEG067
CUST0159,SEG050
CUST0160,SEG144
CUST0161,SEG061
CUST0162,SEG188
CUST0163,SEG052
CUST0164,SEG068
CUST0165,SEG060
CUST0166,SEG106
CUST0167,SEG160
CUST0168,SEG176
CUST0169,SEG109
CUST0170,SEG151
CUST0171,SEG135
CUST0172,SEG082
CUST0173,SEG104
CUST0174,SEG154
CUST0175,SEG127
CUST0176,SEG182
CUST0177,SEG035
CUST0178,SEG175
CUST0179,SEG036
CUST0180,SEG004
CUST0181,SEG169
CUST0182,SEG166
CUST0183,SEG002
CUST0184,SEG007
CUST0185,SEG181
CUST0186,SEG160
CUST0187,SEG165
CUST0188,SEG058
CUST0189,SEG092
CUST0190,SEG025
CUST0191,SEG113
CUST0192,SEG123
CUST0193,SEG095
CUST0194,SEG195
CUST0195,SEG065
CUST0196,SEG126
CUST0197,SEG083
CUST0198,SEG013
CUST0199,SEG184
CUST0200,SEG182
CUST0201,SEG080
CUST0202,SEG125
CUST0203,SEG022
CUST0204,SEG138
CUST0205,SEG050
CUST0206,SEG176
CUST0207,SEG084
CUST0208,SEG135
CUST0209,SEG113
CUST0210,SEG027
CUST0211,SEG167
CUST0212,SEG043
CUST0213,SEG001
CUST0214,SEG123
CUST0215,SEG118
CUST0216,SEG094
CUST0217,SEG166
CUST0218,SEG194
CUST0219,SEG049
CUST0220,SEG118
CUST0221,SEG006
CUST0222,SEG016
CUST0223,SEG190
CUST0224,SEG090
CUST0225,SEG176
CUST0226,SEG009
CUST0227,SEG155
CUST0228,SEG037
CUST0229,SEG019
CUST0230,SEG083
CUST0231,SEG200
CUST0232,SEG008
CUST0233,SEG107
CUST0234,SEG054
CUST0235,SEG113
CUST0236,SEG182
CUST0237,SEG089
CUST0238,SEG187
CUST0239,SEG125
CUST0240,SEG011
CUST0241,SEG049
CUST0242,SEG167
CUST0243,SEG071
CUST0244,SEG006
CUST0245,SEG137
CUST0246,SEG184
CUST0247,SEG008
CUST0248,SEG072
CUST0249,SEG190
CUST0250,SEG143
CUST0251,SEG015
CUST0252,SEG048
CUST0253,SEG022
CUST0254,SEG095
CUST0255,SEG074
CUST0256,SEG013
CUST0257,SEG080
CUST0258,SEG041
CUST0259,SEG152
CUST0260,SEG163
CUST0261,SEG101
CUST0262,SEG154
CUST0263,SEG091
CUST0264,SEG156
CUST0265,SEG140
CUST0266,SEG135
CUST0267,SEG034
CUST0268,SEG037
CUST0269,SEG178
CUST0270,SEG153
CUST0271,SEG111
CUST0272,SEG157
CUST0273,SEG049
CUST0274,SEG093
CUST0275,SEG172
CUST0276,SEG185
CUST0277,SEG019
CUST0278,SEG033
CUST0279,SEG001
CUST0280,SEG102
CUST0281,SEG020
CUST0282,SEG110
CUST0283,SEG106
CUST0284,SEG124
CUST0285,SEG179
CUST0286,SEG183
CUST0287,SEG195
CUST0288,SEG018
CUST0289,SEG166
CUST0290,SEG150
CUST0291,SEG153
CUST0292,SEG010
CUST0293,SEG084
CUST0294,SEG049
CUST0295,SEG181
CUST0296,SEG144
CUST0297,SEG190
CUST0298,SEG068
CUST0299,SEG147
CUST0300,SEG034
CUST0301,SEG078
CUST0302,SEG118
CUST0303,SEG007
CUST0304,SEG149
CUST0305,SEG154
CUST0306,SEG135
CUST0307,SEG012
CUST0308,SEG108
CUST0309,SEG028
CUST0310,SEG135
CUST0311,SEG147
CUST0312,SEG048
CUST0313,SEG193
CUST0314,SEG024
CUST0315,SEG182
CUST0316,SEG006
CUST0317,SEG029
CUST0318,SEG170
CUST0319,SEG034
CUST0320,SEG054
CUST0321,SEG171
CUST0322,SEG017
CUST0323,SEG127
CUST0324,SEG010
CUST0325,SEG029
CUST0326,SEG192
CUST0327,SEG144
CUST0328,SEG027
CUST0329,SEG182
CUST0330,SEG120
CUST0331,SEG058
CUST0332,SEG103
CUST0333,SEG123
CUST0334,SEG164
CUST0335,SEG069
CUST0336,SEG196
CUST0337,SEG121
CUST0338,SEG104
CUST0339,SEG200
CUST0340,SEG094
CUST0341,SEG149
CUST0342,SEG136
CUST0343,SEG092
CUST0344,SEG045
CUST0345,SEG141
CUST0346,SEG139
CUST0347,SEG010
CUST0348,SEG102
CUST0349,SEG003
CUST0350,SEG143
CUST0351,SEG123
CUST0352,SEG029
CUST0353,SEG053
CUST0354,SEG019
CUST0355,SEG016
CUST0356,SEG055
CUST0357,SEG096
CUST0358,SEG154
CUST0359,SEG040
CUST0360,SEG093
CUST0361,SEG047
CUST0362,SEG185
CUST0363,SEG155
CUST0364,SEG008
CUST0365,SEG066
CUST0366,SEG101
CUST0367,SEG177
CUST0368,SEG144
CUST0369,SEG120
CUST0370,SEG058
CUST0371,SEG187
CUST0372,SEG184
CUST0373,SEG115
CUST0374,SEG159
CUST0375,SEG139
CUST0376,SEG044
CUST0377,SEG184
CUST0378,SEG131
CUST0379,SEG059
CUST0380,SEG119
CUST0381,SEG177
CUST0382,SEG092
CUST0383,SEG187
CUST0384,SEG016
CUST0385,SEG052
CUST0386,SEG184
CUST0387,SEG200
CUST0388,SEG003
CUST0389,SEG113
CUST0390,SEG109
CUST0391,SEG048
CUST0392,SEG039
CUST0393,SEG101
CUST0394,SEG067
CUST0395,SEG025
CUST0396,SEG010
CUST0397,SEG022
CUST0398,SEG138
CUST0399,SEG138
CUST0400,SEG129
CUST0401,SEG194
CUST0402,SEG195
CUST0403,SEG007
CUST0404,SEG136
CUST0405,SEG147
CUST0406,SEG148
CUST0407,SEG043
CUST0408,SEG165
CUST0409,SEG089
CUST0410,SEG088
CUST0411,SEG065
CUST0412,SEG078
CUST0413,SEG104
CUST0414,SEG129
CUST0415,SEG007
CUST0416,SEG087
CUST0417,SEG149
CUST0418,SEG118
CUST0419,SEG046
CUST0420,SEG019
CUST0421,SEG011
CUST0422,SEG160
CUST0423,SEG141
CUST0424,SEG190
CUST0425,SEG062
CUST0426,SEG019
CUST0427,SEG171
CUST0428,SEG099
CUST0429,SEG043
CUST0430,SEG083
CUST0431,SEG095
CUST0432,SEG147
CUST0433,SEG054
CUST0434,SEG111
CUST0435,SEG189
CUST0436,SEG035
CUST0437,SEG109
CUST0438,SEG109
CUST0439,SEG064
CUST0440,SEG080
CUST0441,SEG021
CUST0442,SEG147
CUST0443,SEG014
CUST0444,SEG065
CUST0445,SEG026
CUST0446,SEG068
CUST0447,SEG093
CUST0448,SEG166
CUST0449,SEG107
CUST0450,SEG138
CUST0451,SEG034
CUST0452,SEG136
CUST0453,SEG145
CUST0454,SEG193
CUST0455,SEG011
CUST0456,SEG005
CUST0457,SEG118
CUST0458,SEG033
CUST0459,SEG070
CUST0460,SEG079
CUST0461,SEG173
CUST0462,SEG030
CUST0463,SEG077
CUST0464,SEG197
CUST0465,SEG117
CUST0466,SEG066
CUST0467,SEG165
CUST0468,SEG067
CUST0469,SEG178
CUST0470,SEG128
CUST0471,SEG071
CUST0472,SEG168
CUST0473,SEG160
CUST0474,SEG013
CUST0475,SEG130
CUST0476,SEG057
CUST0477,SEG105
CUST0478,SEG024
CUST0479,SEG009
CUST0480,SEG044
CUST0481,SEG028
CUST0482,SEG138
CUST0483,SEG096
CUST0484,SEG132
CUST0485,SEG184
CUST0486,SEG043
CUST0487,SEG129
CUST0488,SEG070
CUST0489,SEG140
CUST0490,SEG040
CUST0491,SEG049
CUST0492,SEG178
CUST0493,SEG152
CUST0494,SEG074
CUST0495,SEG063
CUST0496,SEG185
CUST0497,SEG174
CUST0498,SEG020
CUST0499,SEG186
CUST0500,SEG076
CUST0501,SEG074
CUST0502,SEG116
CUST0503,SEG010
CUST0504,SEG041
CUST0505,SEG166
CUST0506,SEG022
CUST0507,SEG170
CUST0508,SEG043
CUST0509,SEG127
CUST0510,SEG134
CUST0511,SEG158
CUST0512,SEG087
CUST0513,SEG166
CUST0514,SEG039
CUST0515,SEG067
CUST0516,SEG117
CUST0517,SEG145
CUST0518,SEG062
CUST0519,SEG120
CUST0520,SEG116
CUST0521,SEG001
CUST0522,SEG069
CUST0523,SEG004
CUST0524,SEG133
CUST0525,SEG097
CUST0526,SEG059
CUST0527,SEG057
CUST0528,SEG026
CUST0529,SEG088
CUST0530,SEG156
CUST0531,SEG116
CUST0532,SEG082
CUST0533,SEG081
CUST0534,SEG086
CUST0535,SEG024
CUST0536,SEG198
CUST0537,SEG173
CUST0538,SEG197
CUST0539,SEG003
CUST0540,SEG154
CUST0541,SEG133
CUST0542,SEG042
CUST0543,SEG168
CUST0544,SEG155
CUST0545,SEG017
CUST0546,SEG129
CUST0547,SEG101
CUST0548,SEG106
CUST0549,SEG179
CUST0550,SEG185
CUST0551,SEG025
CUST0552,SEG121
CUST0553,SEG138
CUST0554,SEG093
CUST0555,SEG139
CUST0556,SEG060
CUST0557,SEG100
CUST0558,SEG097
CUST0559,SEG149
CUST0560,SEG198
CUST0561,SEG158
CUST0562,SEG039
CUST0563,SEG184
CUST0564,SEG021
CUST0565,SEG154
CUST0566,SEG073
CUST0567,SEG001
CUST0568,SEG020
CUST0569,SEG019
CUST0570,SEG001
CUST0571,SEG031
CUST0572,SEG055
CUST0573,SEG060
CUST0574,SEG053
CUST0575,SEG088
CUST0576,SEG098
CUST0577,SEG043
CUST0578,SEG119
CUST0579,SEG168
CUST0580,SEG181
CUST0581,SEG187
CUST0582,SEG077
CUST0583,SEG154
CUST0584,SEG085
CUST0585,SEG095
CUST0586,SEG121
CUST0587,SEG077
CUST0588,SEG012
CUST0589,SEG180
CUST0590,SEG157
CUST0591,SEG149
CUST0592,SEG120
CUST0593,SEG114
CUST0594,SEG197
CUST0595,SEG192
CUST0596,SEG078
CUST0597,SEG186
CUST0598,SEG094
CUST0599,SEG052
CUST0600,SEG001
CUST0601,SEG052
CUST0602,SEG200
CUST0603,SEG091
CUST0604,SEG052
CUST0605,SEG008
CUST0606,SEG132
CUST0607,SEG127
CUST0608,SEG046
CUST0609,SEG158
CUST0610,SEG063
CUST0611,SEG135
CUST0612,SEG117
CUST0613,SEG177
CUST0614,SEG034
CUST0615,SEG023
CUST0616,SEG140
CUST0617,SEG129
CUST0618,SEG125
CUST0619,SEG016
CUST0620,SEG091
CUST0621,SEG049
CUST0622,SEG140
CUST0623,SEG020
CUST0624,SEG061
CUST0625,SEG194
CUST0626,SEG061
CUST0627,SEG171
CUST0628,SEG162
CUST0629,SEG100
CUST0630,SEG111
CUST0631,SEG087
CUST0632,SEG160
CUST0633,SEG118
CUST0634,SEG045
CUST0635,SEG022
CUST0636,SEG012
CUST0637,SEG116
CUST0638,SEG172
CUST0639,SEG059
CUST0640,SEG135
CUST0641,SEG151
CUST0642,SEG065
CUST0643,SEG102
CUST0644,SEG138
CUST0645,SEG091
CUST0646,SEG076
CUST0647,SEG059
CUST0648,SEG162
CUST0649,SEG002
CUST0650,SEG148
CUST0651,SEG083
CUST0652,SEG084
CUST0653,SEG018
CUST0654,SEG135
CUST0655,SEG030
CUST0656,SEG187
CUST0657,SEG031
CUST0658,SEG016
CUST0659,SEG060
CUST0660,SEG199
CUST0661,SEG065
CUST0662,SEG063
CUST0663,SEG139
CUST0664,SEG075
CUST0665,SEG162
CUST0666,SEG166
CUST0667,SEG128
CUST0668,SEG069
CUST0669,SEG166
CUST0670,SEG144
CUST0671,SEG064
CUST0672,SEG113
CUST0673,SEG137
CUST0674,SEG157
CUST0675,SEG101
CUST0676,SEG046
CUST0677,SEG003
CUST0678,SEG129
CUST0679,SEG175
CUST0680,SEG168
CUST0681,SEG200
CUST0682,SEG039
CUST0683,SEG060
CUST0684,SEG026
CUST0685,SEG183
CUST0686,SEG020
CUST0687,SEG081
CUST0688,SEG048
CUST0689,SEG157
CUST0690,SEG091
CUST0691,SEG076
CUST0692,SEG161
CUST0693,SEG078
CUST0694,SEG096
CUST0695,SEG059
CUST0696,SEG072
CUST0697,SEG133
CUST0698,SEG168
CUST0699,SEG179
CUST0700,SEG072
CUST0701,SEG185
CUST0702,SEG051
CUST0703,SEG032
CUST0704,SEG157
CUST0705,SEG121
CUST0706,SEG090
CUST0707,SEG035
CUST0708,SEG163
CUST0709,SEG197
CUST0710,SEG065
CUST0711,SEG164
CUST0712,SEG131
CUST0713,SEG154
CUST0714,SEG128
CUST0715,SEG149
CUST0716,SEG119
CUST0717,SEG177
CUST0718,SEG075
CUST0719,SEG079
CUST0720,SEG006
CUST0721,SEG051
CUST0722,SEG024
CUST0723,SEG021
CUST0724,SEG072
CUST0725,SEG182
CUST0726,SEG107
CUST0727,SEG142
CUST0728,SEG046
CUST0729,SEG143
CUST0730,SEG028
CUST0731,SEG171
CUST0732,SEG137
CUST0733,SEG096
CUST0734,SEG099
CUST0735,SEG095
CUST0736,SEG174
CUST0737,SEG139
CUST0738,SEG011
CUST0739,SEG047
CUST0740,SEG091
CUST0741,SEG097
CUST0742,SEG155
CUST0743,SEG065
CUST0744,SEG081
CUST0745,SEG101
CUST0746,SEG022
CUST0747,SEG012
CUST0748,SEG066
CUST0749,SEG148
CUST0750,SEG041
CUST0751,SEG038
CUST0752,SEG168
CUST0753,SEG009
CUST0754,SEG001
CUST0755,SEG081
CUST0756,SEG003
CUST0757,SEG001
CUST0758,SEG118
CUST0759,SEG171
CUST0760,SEG109
CUST0761,SEG132
CUST0762,SEG105
CUST0763,SEG068
CUST0764,SEG022
CUST0765,SEG095
CUST0766,SEG064
CUST0767,SEG193
CUST0768,SEG148
CUST0769,SEG045
CUST0770,SEG007
CUST0771,SEG016
CUST0772,SEG193
CUST0773,SEG117
CUST0774,SEG094
CUST0775,SEG065
CUST0776,SEG176
CUST0777,SEG042
CUST0778,SEG127
CUST0779,SEG138
CUST0780,SEG137
CUST0781,SEG138
CUST0782,SEG042
CUST0783,SEG100
CUST0784,SEG146
CUST0785,SEG125
CUST0786,SEG079
CUST0787,SEG070
CUST0788,SEG080
CUST0789,SEG016
CUST0790,SEG105
CUST0791,SEG181
CUST0792,SEG094
CUST0793,SEG071
CUST0794,SEG004
CUST0795,SEG096
CUST0796,SEG126
CUST0797,SEG118
CUST0798,SEG013
CUST0799,SEG118
CUST0800,SEG141
CUST0801,SEG158
CUST0802,SEG117
CUST0803,SEG001
CUST0804,SEG195
CUST0805,SEG016
CUST0806,SEG010
CUST0807,SEG070
CUST0808,SEG127
CUST0809,SEG064
CUST0810,SEG097
CUST0811,SEG124
CUST0812,SEG096
CUST0813,SEG162
CUST0814,SEG007
CUST0815,SEG177
CUST0816,SEG064
CUST0817,SEG056
CUST0818,SEG094
CUST0819,SEG087
CUST0820,SEG110
CUST0821,SEG183
CUST0822,SEG184
CUST0823,SEG199
CUST0824,SEG147
CUST0825,SEG144
CUST0826,SEG017
CUST0827,SEG092
CUST0828,SEG014
CUST0829,SEG112
CUST0830,SEG134
CUST0831,SEG076
CUST0832,SEG050
CUST0833,SEG188
CUST0834,SEG053
CUST0835,SEG100
CUST0836,SEG154
CUST0837,SEG137
CUST0838,SEG034
CUST0839,SEG164
CUST0840,SEG170
CUST0841,SEG001
CUST0842,SEG052
CUST0843,SEG187
CUST0844,SEG168
CUST0845,SEG109
CUST0846,SEG014
CUST0847,SEG164
CUST0848,SEG045
CUST0849,SEG020
CUST0850,SEG013
CUST0851,SEG149
CUST0852,SEG059
CUST0853,SEG164
CUST0854,SEG092
CUST0855,SEG176
CUST0856,SEG124
CUST0857,SEG107
CUST0858,SEG179
CUST0859,SEG189
CUST0860,SEG145
CUST0861,SEG030
CUST0862,SEG066
CUST0863,SEG033
CUST0864,SEG179
CUST0865,SEG069
CUST0866,SEG086
CUST0867,SEG011
CUST0868,SEG102
CUST0869,SEG059
CUST0870,SEG052
CUST0871,SEG183
CUST0872,SEG185
CUST0873,SEG042
CUST0874,SEG064
CUST0875,SEG080
CUST0876,SEG149
CUST0877,SEG162
CUST0878,SEG001
CUST0879,SEG077
CUST0880,SEG068
CUST0881,SEG007
CUST0882,SEG130
CUST0883,SEG137
CUST0884,SEG139
CUST0885,SEG092
CUST0886,SEG023
CUST0887,SEG153
CUST0888,SEG071
CUST0889,SEG122
CUST0890,SEG130
CUST0891,SEG170
CUST0892,SEG007
CUST0893,SEG013
CUST0894,SEG187
CUST0895,SEG121
CUST0896,SEG004
CUST0897,SEG070
CUST0898,SEG106
CUST0899,SEG189
CUST0900,SEG129
CUST0901,SEG007
CUST0902,SEG073
CUST0903,SEG157
CUST0904,SEG095
CUST0905,SEG199
CUST0906,SEG037
CUST0907,SEG191
CUST0908,SEG084
CUST0909,SEG041
CUST0910,SEG080
CUST0911,SEG143
CUST0912,SEG065
CUST0913,SEG096
CUST0914,SEG021
CUST0915,SEG009
CUST0916,SEG027
CUST0917,SEG128
CUST0918,SEG043
CUST0919,SEG043
CUST0920,SEG113
CUST0921,SEG052
CUST0922,SEG006
CUST0923,SEG149
CUST0924,SEG093
CUST0925,SEG010
CUST0926,SEG058
CUST0927,SEG154
CUST0928,SEG003
CUST0929,SEG114
CUST0930,SEG164
CUST0931,SEG130
CUST0932,SEG197
CUST0933,SEG152
CUST0934,SEG088
CUST0935,SEG103
CUST0936,SEG162
CUST0937,SEG029
CUST0938,SEG113
CUST0939,SEG155
CUST0940,SEG092
CUST0941,SEG012
CUST0942,SEG042
CUST0943,SEG045
CUST0944,SEG064
CUST0945,SEG072
CUST0946,SEG110
CUST0947,SEG060
CUST0948,SEG064
CUST0949,SEG086
CUST0950,SEG064
CUST0951,SEG087
CUST0952,SEG174
CUST0953,SEG094
CUST0954,SEG037
CUST0955,SEG154
CUST0956,SEG048
CUST0957,SEG136
CUST0958,SEG169
CUST0959,SEG177
CUST0960,SEG066
CUST0961,SEG005
CUST0962,SEG015
CUST0963,SEG189
CUST0964,SEG031
CUST0965,SEG171
CUST0966,SEG180
CUST0967,SEG191
CUST0968,SEG018
CUST0969,SEG165
CUST0970,SEG143
CUST0971,SEG137
CUST0972,SEG163
CUST0973,SEG088
CUST0974,SEG196
CUST0975,SEG162
CUST0976,SEG086
CUST0977,SEG176
CUST0978,SEG072
CUST0979,SEG165
CUST0980,SEG064
CUST0981,SEG161
CUST0982,SEG013
CUST0983,SEG148
CUST0984,SEG155
CUST0985,SEG030
CUST0986,SEG045
CUST0987,SEG117
CUST0988,SEG105
CUST0989,SEG136
CUST0990,SEG035
CUST0991,SEG130
CUST0992,SEG180
CUST0993,SEG099
CUST0994,SEG012
CUST0995,SEG135
CUST0996,SEG195
CUST0997,SEG183
CUST0998,SEG147
CUST0999,SEG056
CUST1000,SEG138
CUST1001,SEG129
CUST1002,SEG148
CUST1003,SEG158
CUST1004,SEG133
CUST1005,SEG136
CUST1006,SEG032
CUST1007,SEG161
CUST1008,SEG159
CUST1009,SEG003
CUST1010,SEG150
CUST1011,SEG159
CUST1012,SEG010
CUST1013,SEG025
CUST1014,SEG186
CUST1015,SEG051
CUST1016,SEG019
CUST1017,SEG116
CUST1018,SEG120
CUST1019,SEG136
CUST1020,SEG042
CUST1021,SEG036
CUST1022,SEG152
CUST1023,SEG088
CUST1024,SEG083
CUST1025,SEG135
CUST1026,SEG034
CUST1027,SEG194
CUST1028,SEG189
CUST1029,SEG194
CUST1030,SEG100
CUST1031,SEG034
CUST1032,SEG033
CUST1033,SEG103
CUST1034,SEG117
CUST1035,SEG145
CUST1036,SEG066
CUST1037,SEG112
CUST1038,SEG169
CUST1039,SEG011
CUST1040,SEG133
CUST1041,SEG038
CUST1042,SEG118
CUST1043,SEG037
CUST1044,SEG063
CUST1045,SEG012
CUST1046,SEG145
CUST1047,SEG160
CUST1048,SEG055
CUST1049,SEG181
CUST1050,SEG008
CUST1051,SEG187
CUST1052,SEG197
CUST1053,SEG035
CUST1054,SEG140
CUST1055,SEG168
CUST1056,SEG108
CUST1057,SEG099
CUST1058,SEG041
CUST1059,SEG095
CUST1060,SEG152
CUST1061,SEG061
CUST1062,SEG174
CUST1063,SEG107
CUST1064,SEG033
CUST1065,SEG080
CUST1066,SEG144
CUST1067,SEG127
CUST1068,SEG183
CUST1069,SEG124
CUST1070,SEG115
CUST1071,SEG029
CUST1072,SEG120
CUST1073,SEG068
CUST1074,SEG003
CUST1075,SEG086
CUST1076,SEG140
CUST1077,SEG102
CUST1078,SEG185
CUST1079,SEG078
CUST1080,SEG200
CUST1081,SEG038
CUST1082,SEG101
CUST1083,SEG047
CUST1084,SEG001
CUST1085,SEG001
CUST1086,SEG049
CUST1087,SEG027
CUST1088,SEG165
CUST1089,SEG164
CUST1090,SEG191
CUST1091,SEG013
CUST1092,SEG088
CUST1093,SEG075
CUST1094,SEG059
CUST1095,SEG023
CUST1096,SEG106
CUST1097,SEG027
CUST1098,SEG158
CUST1099,SEG092
CUST1100,SEG103
CUST1101,SEG190
CUST1102,SEG152
CUST1103,SEG029
CUST1104,SEG073
CUST1105,SEG129
CUST1106,SEG167
CUST1107,SEG061
CUST1108,SEG174
CUST1109,SEG200
CUST1110,SEG090
CUST1111,SEG079
CUST1112,SEG035
CUST1113,SEG197
CUST1114,SEG092
CUST1115,SEG124
CUST1116,SEG063
CUST1117,SEG035
CUST1118,SEG089
CUST1119,SEG068
CUST1120,SEG087
CUST1121,SEG074
CUST1122,SEG026
CUST1123,SEG002
CUST1124,SEG008
CUST1125,SEG009
CUST1126,SEG035
CUST1127,SEG192
CUST1128,SEG184
CUST1129,SEG122
CUST1130,SEG126
CUST1131,SEG154
CUST1132,SEG123
CUST1133,SEG080
CUST1134,SEG063
CUST1135,SEG190
CUST1136,SEG188
CUST1137,SEG143
CUST1138,SEG029
CUST1139,SEG038
CUST1140,SEG092
CUST1141,SEG081
CUST1142,SEG185
CUST1143,SEG164
CUST1144,SEG030
CUST1145,SEG157
CUST1146,SEG020
CUST1147,SEG073
CUST1148,SEG054
CUST1149,SEG047
CUST1150,SEG101
CUST1151,SEG175
CUST1152,SEG114
CUST1153,SEG158
CUST1154,SEG073
CUST1155,SEG123
CUST1156,SEG010
CUST1157,SEG161
CUST1158,SEG184
CUST1159,SEG137
CUST1160,SEG064
CUST1161,SEG132
CUST1162,SEG135
CUST1163,SEG055
CUST1164,SEG045
CUST1165,SEG119
CUST1166,SEG116
CUST1167,SEG032
CUST1168,SEG118
CUST1169,SEG110
CUST1170,SEG046
CUST1171,SEG152
CUST1172,SEG009
CUST1173,SEG131
CUST1174,SEG047
CUST1175,SEG161
CUST1176,SEG013
CUST1177,SEG188
CUST1178,SEG074
CUST1179,SEG177
CUST1180,SEG062
CUST1181,SEG003
CUST1182,SEG054
CUST1183,SEG018
CUST1184,SEG085
CUST1185,SEG007
CUST1186,SEG186
CUST1187,SEG161
CUST1188,SEG110
CUST1189,SEG167
CUST1190,SEG176
CUST1191,SEG136
CUST1192,SEG115
CUST1193,SEG028
CUST1194,SEG181
CUST1195,SEG077
CUST1196,SEG008
CUST1197,SEG015
CUST1198,SEG195
CUST1199,SEG052
CUST1200,SEG037
CUST1201,SEG082
CUST1202,SEG141
CUST1203,SEG194
CUST1204,SEG126
CUST1205,SEG151
CUST1206,SEG160
CUST1207,SEG186
CUST1208,SEG199
CUST1209,SEG031
CUST1210,SEG094
CUST1211,SEG178
CUST1212,SEG005
CUST1213,SEG108
CUST1214,SEG078
CUST1215,SEG112
CUST1216,SEG194
CUST1217,SEG114
CUST1218,SEG017
CUST1219,SEG096
CUST1220,SEG177
CUST1221,SEG063
CUST1222,SEG142
CUST1223,SEG174
CUST1224,SEG012
CUST1225,SEG154
CUST1226,SEG192
CUST1227,SEG129
CUST1228,SEG092
CUST1229,SEG009
CUST1230,SEG005
CUST1231,SEG084
CUST1232,SEG196
CUST1233,SEG062
CUST1234,SEG153
CUST1235,SEG134
CUST1236,SEG033
CUST1237,SEG102
CUST1238,SEG130
CUST1239,SEG176
CUST1240,SEG069
CUST1241,SEG118
CUST1242,SEG022
CUST1243,SEG119
CUST1244,SEG148
CUST1245,SEG127
CUST1246,SEG077
CUST1247,SEG166
CUST1248,SEG069
CUST1249,SEG191
CUST1250,SEG167
CUST1251,SEG137
CUST1252,SEG056
CUST1253,SEG104
CUST1254,SEG063
CUST1255,SEG003
CUST1256,SEG101
CUST1257,SEG117
CUST1258,SEG194
CUST1259,SEG166
CUST1260,SEG186
CUST1261,SEG150
CUST1262,SEG167
CUST1263,SEG011
CUST1264,SEG150
CUST1265,SEG189
CUST1266,SEG014
CUST1267,SEG101
CUST1268,SEG022
CUST1269,SEG172
CUST1270,SEG156
CUST1271,SEG020
CUST1272,SEG138
CUST1273,SEG126
CUST1274,SEG051
CUST1275,SEG144
CUST1276,SEG178
CUST1277,SEG085
CUST1278,SEG109
CUST1279,SEG115
CUST1280,SEG191
CUST1281,SEG180
CUST1282,SEG109
CUST1283,SEG149
CUST1284,SEG124
CUST1285,SEG002
CUST1286,SEG012
CUST1287,SEG146
CUST1288,SEG080
CUST1289,SEG100
CUST1290,SEG117
CUST1291,SEG050
CUST1292,SEG178
CUST1293,SEG106
CUST1294,SEG189
CUST1295,SEG037
CUST1296,SEG114
CUST1297,SEG043
CUST1298,SEG124
CUST1299,SEG166
CUST1300,SEG018
CUST1301,SEG070
CUST1302,SEG187
CUST1303,SEG072
CUST1304,SEG176
CUST1305,SEG153
CUST1306,SEG114
CUST1307,SEG080
CUST1308,SEG154
CUST1309,SEG080
CUST1310,SEG120
CUST1311,SEG079
CUST1312,SEG155
CUST1313,SEG165
CUST1314,SEG143
CUST1315,SEG166
CUST1316,SEG080
CUST1317,SEG099
CUST1318,SEG026
CUST1319,SEG009
CUST1320,SEG118
CUST1321,SEG096
CUST1322,SEG023
CUST1323,SEG113
CUST1324,SEG190
CUST1325,SEG181
CUST1326,SEG025
CUST1327,SEG042
CUST1328,SEG047
CUST1329,SEG042
CUST1330,SEG004
CUST1331,SEG172
CUST1332,SEG164
CUST1333,SEG167
CUST1334,SEG150
CUST1335,SEG084
CUST1336,SEG182
CUST1337,SEG114
CUST1338,SEG003
CUST1339,SEG055
CUST1340,SEG046
CUST1341,SEG072
CUST1342,SEG072
CUST1343,SEG061
CUST1344,SEG057
CUST1345,SEG044
CUST1346,SEG132
CUST1347,SEG101
CUST1348,SEG141
CUST1349,SEG079
CUST1350,SEG101
CUST1351,SEG117
CUST1352,SEG186
CUST1353,SEG062
CUST1354,SEG030
CUST1355,SEG192
CUST1356,SEG130
CUST1357,SEG163
CUST1358,SEG081
CUST1359,SEG089
CUST1360,SEG107
CUST1361,SEG045
CUST1362,SEG125
CUST1363,SEG108
CUST1364,SEG105
CUST1365,SEG139
CUST1366,SEG013
CUST1367,SEG115
CUST1368,SEG079
CUST1369,SEG046
CUST1370,SEG124
CUST1371,SEG094
CUST1372,SEG090
CUST1373,SEG099
CUST1374,SEG160
CUST1375,SEG127
CUST1376,SEG081
CUST1377,SEG130
CUST1378,SEG056
CUST1379,SEG044
CUST1380,SEG178
CUST1381,SEG164
CUST1382,SEG058
CUST1383,SEG167
CUST1384,SEG041
CUST1385,SEG107
CUST1386,SEG018
CUST1387,SEG141
CUST1388,SEG141
CUST1389,SEG115
CUST1390,SEG192
CUST1391,SEG069
CUST1392,SEG078
CUST1393,SEG187
CUST1394,SEG099
CUST1395,SEG181
CUST1396,SEG186
CUST1397,SEG152
CUST1398,SEG139
CUST1399,SEG152
CUST1400,SEG153
CUST1401,SEG060
CUST1402,SEG158
CUST1403,SEG034
CUST1404,SEG103
CUST1405,SEG091
CUST1406,SEG049
CUST1407,SEG160
CUST1408,SEG172
CUST1409,SEG157
CUST1410,SEG129
CUST1411,SEG071
CUST1412,SEG001
CUST1413,SEG097
CUST1414,SEG033
CUST1415,SEG119
CUST1416,SEG177
CUST1417,SEG195
CUST1418,SEG191
CUST1419,SEG135
CUST1420,SEG110
CUST1421,SEG099
CUST1422,SEG096
CUST1423,SEG036
CUST1424,SEG116
CUST1425,SEG077
CUST1426,SEG174
CUST1427,SEG184
CUST1428,SEG118
CUST1429,SEG004
CUST1430,SEG099
CUST1431,SEG042
CUST1432,SEG036
CUST1433,SEG032
CUST1434,SEG058
CUST1435,SEG147
CUST1436,SEG121
CUST1437,SEG082
CUST1438,SEG043
CUST1439,SEG082
CUST1440,SEG036
CUST1441,SEG101
CUST1442,SEG182
CUST1443,SEG040
CUST1444,SEG200
CUST1445,SEG016
CUST1446,SEG043
CUST1447,SEG178
CUST1448,SEG046
CUST1449,SEG022
CUST1450,SEG152
CUST1451,SEG163
CUST1452,SEG057
CUST1453,SEG012
CUST1454,SEG198
CUST1455,SEG074
CUST1456,SEG050
CUST1457,SEG182
CUST1458,SEG011
CUST1459,SEG126
CUST1460,SEG113
CUST1461,SEG133
CUST1462,SEG128
CUST1463,SEG079
CUST1464,SEG001
CUST1465,SEG138
CUST1466,SEG014
CUST1467,SEG153
CUST1468,SEG161
CUST1469,SEG004
CUST1470,SEG116
CUST1471,SEG039
CUST1472,SEG027
CUST1473,SEG058
CUST1474,SEG064
CUST1475,SEG013
CUST1476,SEG019
CUST1477,SEG135
CUST1478,SEG159
CUST1479,SEG063
CUST1480,SEG177
CUST1481,SEG186
CUST1482,SEG153
CUST1483,SEG010
CUST1484,SEG187
CUST1485,SEG124
CUST1486,SEG005
CUST1487,SEG197
CUST1488,SEG149
CUST1489,SEG020
CUST1490,SEG162
CUST1491,SEG048
CUST1492,SEG098
CUST1493,SEG136
CUST1494,SEG058
CUST1495,SEG106
CUST1496,SEG088
CUST1497,SEG096
CUST1498,SEG175
CUST1499,SEG080
CUST1500,SEG018
CUST1501,SEG091
CUST1502,SEG026
CUST1503,SEG165
CUST1504,SEG020
CUST1505,SEG171
CUST1506,SEG125
CUST1507,SEG071
CUST1508,SEG129
CUST1509,SEG106
CUST1510,SEG173
CUST1511,SEG175
CUST1512,SEG084
CUST1513,SEG075
CUST1514,SEG189
CUST1515,SEG133
CUST1516,SEG112
CUST1517,SEG048
CUST1518,SEG071
CUST1519,SEG030
CUST1520,SEG042
CUST1521,SEG149
CUST1522,SEG073
CUST1523,SEG196
CUST1524,SEG066
CUST1525,SEG133
CUST1526,SEG019
CUST1527,SEG108
CUST1528,SEG093
CUST1529,SEG043
CUST1530,SEG022
CUST1531,SEG200
CUST1532,SEG185
CUST1533,SEG176
CUST1534,SEG029
CUST1535,SEG026
CUST1536,SEG075
CUST1537,SEG042
CUST1538,SEG174
CUST1539,SEG170
CUST1540,SEG030
CUST1541,SEG129
CUST1542,SEG152
CUST1543,SEG069
CUST1544,SEG108
CUST1545,SEG195
CUST1546,SEG148
CUST1547,SEG157
CUST1548,SEG083
CUST1549,SEG092
CUST1550,SEG153
CUST1551,SEG065
CUST1552,SEG176
CUST1553,SEG157
CUST1554,SEG186
CUST1555,SEG162
CUST1556,SEG087
CUST1557,SEG166
CUST1558,SEG147
CUST1559,SEG019
CUST1560,SEG150
CUST1561,SEG185
CUST1562,SEG173
CUST1563,SEG082
CUST1564,SEG016
CUST1565,SEG009
CUST1566,SEG127
CUST1567,SEG134
CUST1568,SEG183
CUST1569,SEG139
CUST1570,SEG147
CUST1571,SEG158
CUST1572,SEG156
CUST1573,SEG030
CUST1574,SEG074
CUST1575,SEG007
CUST1576,SEG112
CUST1577,SEG069
CUST1578,SEG028
CUST1579,SEG188
CUST1580,SEG139
CUST1581,SEG194
CUST1582,SEG176
CUST1583,SEG077
CUST1584,SEG168
CUST1585,SEG142
CUST1586,SEG017
CUST1587,SEG032
CUST1588,SEG061
CUST1589,SEG042
CUST1590,SEG131
CUST1591,SEG200
CUST1592,SEG192
CUST1593,SEG105
CUST1594,SEG066
CUST1595,SEG035
CUST1596,SEG059
CUST1597,SEG075
CUST1598,SEG111
CUST1599,SEG077
CUST1600,SEG158
CUST1601,SEG125
CUST1602,SEG043
CUST1603,SEG121
CUST1604,SEG123
CUST1605,SEG133
CUST1606,SEG062
CUST1607,SEG043
CUST1608,SEG183
CUST1609,SEG034
CUST1610,SEG033
CUST1611,SEG066
CUST1612,SEG027
CUST1613,SEG032
CUST1614,SEG057
CUST1615,SEG190
CUST1616,SEG193
CUST1617,SEG134
CUST1618,SEG096
CUST1619,SEG167
CUST1620,SEG055
CUST1621,SEG106
CUST1622,SEG163
CUST1623,SEG094
CUST1624,SEG092
CUST1625,SEG072
CUST1626,SEG176
CUST1627,SEG128
CUST1628,SEG053
CUST1629,SEG050
CUST1630,SEG101
CUST1631,SEG153
CUST1632,SEG056
CUST1633,SEG114
CUST1634,SEG183
CUST1635,SEG165
CUST1636,SEG027
CUST1637,SEG014
CUST1638,SEG029
CUST1639,SEG166
CUST1640,SEG047
CUST1641,SEG189
CUST1642,SEG019
CUST1643,SEG107
CUST1644,SEG098
CUST1645,SEG012
CUST1646,SEG019
CUST1647,SEG148
CUST1648,SEG021
CUST1649,SEG113
CUST1650,SEG037
CUST1651,SEG118
CUST1652,SEG038
CUST1653,SEG156
CUST1654,SEG171
CUST1655,SEG061
CUST1656,SEG084
CUST1657,SEG182
CUST1658,SEG162
CUST1659,SEG156
CUST1660,SEG025
CUST1661,SEG012
CUST1662,SEG129
CUST1663,SEG053
CUST1664,SEG184
CUST1665,SEG172
CUST1666,SEG176
CUST1667,SEG007
CUST1668,SEG029
CUST1669,SEG155
CUST1670,SEG003
CUST1671,SEG160
CUST1672,SEG071
CUST1673,SEG162
CUST1674,SEG084
CUST1675,SEG035
CUST1676,SEG099
CUST1677,SEG009
CUST1678,SEG083
CUST1679,SEG026
CUST1680,SEG083
CUST1681,SEG190
CUST1682,SEG186
CUST1683,SEG020
CUST1684,SEG147
CUST1685,SEG025
CUST1686,SEG144
CUST1687,SEG134
CUST1688,SEG052
CUST1689,SEG130
CUST1690,SEG189
CUST1691,SEG061
CUST1692,SEG036
CUST1693,SEG004
CUST1694,SEG073
CUST1695,SEG120
CUST1696,SEG060
CUST1697,SEG064
CUST1698,SEG027
CUST1699,SEG057
CUST1700,SEG027
CUST1701,SEG018
CUST1702,SEG172
CUST1703,SEG076
CUST1704,SEG131
CUST1705,SEG036
CUST1706,SEG018
CUST1707,SEG101
CUST1708,SEG060
CUST1709,SEG068
CUST1710,SEG004
CUST1711,SEG002
CUST1712,SEG051
CUST1713,SEG138
CUST1714,SEG094
CUST1715,SEG004
CUST1716,SEG012
CUST1717,SEG171
CUST1718,SEG188
CUST1719,SEG002
CUST1720,SEG056
CUST1721,SEG200
CUST1722,SEG141
CUST1723,SEG041
CUST1724,SEG174
CUST1725,SEG091
CUST1726,SEG170
CUST1727,SEG008
CUST1728,SEG088
CUST1729,SEG152
CUST1730,SEG083
CUST1731,SEG001
CUST1732,SEG027
CUST1733,SEG165
CUST1734,SEG034
CUST1735,SEG087
CUST1736,SEG049
CUST1737,SEG135
CUST1738,SEG139
CUST1739,SEG126
CUST1740,SEG152
CUST1741,SEG186
CUST1742,SEG136
CUST1743,SEG073
CUST1744,SEG151
CUST1745,SEG131
CUST1746,SEG066
CUST1747,SEG081
CUST1748,SEG074
CUST1749,SEG171
CUST1750,SEG172
CUST1751,SEG019
CUST1752,SEG177
CUST1753,SEG144
CUST1754,SEG149
CUST1755,SEG059
CUST1756,SEG166
CUST1757,SEG097
CUST1758,SEG087
CUST1759,SEG041
CUST1760,SEG157
CUST1761,SEG051
CUST1762,SEG049
CUST1763,SEG004
CUST1764,SEG081
CUST1765,SEG118
CUST1766,SEG060
CUST1767,SEG164
CUST1768,SEG150
CUST1769,SEG068
CUST1770,SEG041
CUST1771,SEG062
CUST1772,SEG155
CUST1773,SEG135
CUST1774,SEG019
CUST1775,SEG085
CUST1776,SEG135
CUST1777,SEG054
CUST1778,SEG194
CUST1779,SEG102
CUST1780,SEG049
CUST1781,SEG134
CUST1782,SEG083
CUST1783,SEG162
CUST1784,SEG125
CUST1785,SEG001
CUST1786,SEG169
CUST1787,SEG077
CUST1788,SEG176
CUST1789,SEG153
CUST1790,SEG111
CUST1791,SEG046
CUST1792,SEG042
CUST1793,SEG089
CUST1794,SEG115
CUST1795,SEG115
CUST1796,SEG010
CUST1797,SEG178
CUST1798,SEG054
CUST1799,SEG125
CUST1800,SEG139
CUST1801,SEG020
CUST1802,SEG055
CUST1803,SEG034
CUST1804,SEG190
CUST1805,SEG079
CUST1806,SEG150
CUST1807,SEG156
CUST1808,SEG077
CUST1809,SEG177
CUST1810,SEG191
CUST1811,SEG001
CUST1812,SEG156
CUST1813,SEG015
CUST1814,SEG051
CUST1815,SEG027
CUST1816,SEG046
CUST1817,SEG113
CUST1818,SEG102
CUST1819,SEG185
CUST1820,SEG019
CUST1821,SEG110
CUST1822,SEG156
CUST1823,SEG021
CUST1824,SEG084
CUST1825,SEG086
CUST1826,SEG086
CUST1827,SEG189
CUST1828,SEG069
CUST1829,SEG031
CUST1830,SEG195
CUST1831,SEG118
CUST1832,SEG191
CUST1833,SEG107
CUST1834,SEG087
CUST1835,SEG197
CUST1836,SEG163
CUST1837,SEG087
CUST1838,SEG007
CUST1839,SEG114
CUST1840,SEG039
CUST1841,SEG122
CUST1842,SEG180
CUST1843,SEG087
CUST1844,SEG049
CUST1845,SEG069
CUST1846,SEG153
CUST1847,SEG018
CUST1848,SEG144
CUST1849,SEG121
CUST1850,SEG016
CUST1851,SEG193
CUST1852,SEG032
CUST1853,SEG185
CUST1854,SEG168
CUST1855,SEG068
CUST1856,SEG180
CUST1857,SEG171
CUST1858,SEG063
CUST1859,SEG104
CUST1860,SEG155
CUST1861,SEG169
CUST1862,SEG142
CUST1863,SEG157
CUST1864,SEG173
CUST1865,SEG086
CUST1866,SEG153
CUST1867,SEG196
CUST1868,SEG143
CUST1869,SEG016
CUST1870,SEG009
CUST1871,SEG089
CUST1872,SEG165
CUST1873,SEG037
CUST1874,SEG182
CUST1875,SEG011
CUST1876,SEG141
CUST1877,SEG042
CUST1878,SEG071
CUST1879,SEG081
CUST1880,SEG117
CUST1881,SEG054
CUST1882,SEG160
CUST1883,SEG019
CUST1884,SEG181
CUST1885,SEG155
CUST1886,SEG054
CUST1887,SEG035
CUST1888,SEG106
CUST1889,SEG195
CUST1890,SEG052
CUST1891,SEG044
CUST1892,SEG031
CUST1893,SEG192
CUST1894,SEG126
CUST1895,SEG181
CUST1896,SEG190
CUST1897,SEG178
CUST1898,SEG127
CUST1899,SEG002
CUST1900,SEG078
CUST1901,SEG005
CUST1902,SEG198
CUST1903,SEG073
CUST1904,SEG068
CUST1905,SEG019
CUST1906,SEG140
CUST1907,SEG053
CUST1908,SEG103
CUST1909,SEG046
CUST1910,SEG089
CUST1911,SEG196
CUST1912,SEG014
CUST1913,SEG161
CUST1914,SEG008
CUST1915,SEG046
CUST1916,SEG184
CUST1917,SEG076
CUST1918,SEG091
CUST1919,SEG163
CUST1920,SEG097
CUST1921,SEG037
CUST1922,SEG121
CUST1923,SEG166
CUST1924,SEG141
CUST1925,SEG159
CUST1926,SEG109
CUST1927,SEG035
CUST1928,SEG093
CUST1929,SEG149
CUST1930,SEG022
CUST1931,SEG171
CUST1932,SEG005
CUST1933,SEG044
CUST1934,SEG148
CUST1935,SEG024
CUST1936,SEG091
CUST1937,SEG178
CUST1938,SEG073
CUST1939,SEG138
CUST1940,SEG077
CUST1941,SEG021
CUST1942,SEG104
CUST1943,SEG090
CUST1944,SEG036
CUST1945,SEG170
CUST1946,SEG016
CUST1947,SEG085
CUST1948,SEG145
CUST1949,SEG030
CUST1950,SEG145
CUST1951,SEG008
CUST1952,SEG098
CUST1953,SEG091
CUST1954,SEG034
CUST1955,SEG059
CUST1956,SEG050
CUST1957,SEG145
CUST1958,SEG020
CUST1959,SEG067
CUST1960,SEG076
CUST1961,SEG153
CUST1962,SEG022
CUST1963,SEG190
CUST1964,SEG075
CUST1965,SEG045
CUST1966,SEG016
CUST1967,SEG168
CUST1968,SEG177
CUST1969,SEG086
CUST1970,SEG151
CUST1971,SEG123
CUST1972,SEG176
CUST1973,SEG043
CUST1974,SEG099
CUST1975,SEG024
CUST1976,SEG108
CUST1977,SEG160
CUST1978,SEG144
CUST1979,SEG047
CUST1980,SEG092
CUST1981,SEG123
CUST1982,SEG065
CUST1983,SEG160
CUST1984,SEG037
CUST1985,SEG154
CUST1986,SEG044
CUST1987,SEG019
CUST1988,SEG002
CUST1989,SEG107
CUST1990,SEG123
CUST1991,SEG137
CUST1992,SEG156
CUST1993,SEG168
CUST1994,SEG121
CUST1995,SEG020
CUST1996,SEG046
CUST1997,SEG096
CUST1998,SEG040
CUST1999,SEG050
CUST2000,SEG024
CUST2001,SEG064
CUST2002,SEG162
CUST2003,SEG171
CUST2004,SEG055
CUST2005,SEG019
CUST2006,SEG139
CUST2007,SEG065
CUST2008,SEG011
CUST2009,SEG024
CUST2010,SEG050
CUST2011,SEG050
CUST2012,SEG183
CUST2013,SEG059
CUST2014,SEG142
CUST2015,SEG021
CUST2016,SEG080
CUST2017,SEG029
CUST2018,SEG157
CUST2019,SEG196
CUST2020,SEG195
CUST2021,SEG111
CUST2022,SEG096
CUST2023,SEG005
CUST2024,SEG096
CUST2025,SEG195
CUST2026,SEG067
CUST2027,SEG051
CUST2028,SEG159
CUST2029,SEG088
CUST2030,SEG194
CUST2031,SEG169
CUST2032,SEG056
CUST2033,SEG149
CUST2034,SEG179
CUST2035,SEG112
CUST2036,SEG073
CUST2037,SEG074
CUST2038,SEG199
CUST2039,SEG164
CUST2040,SEG175
CUST2041,SEG088
CUST2042,SEG066
CUST2043,SEG040
CUST2044,SEG016
CUST2045,SEG178
CUST2046,SEG030
CUST2047,SEG033
CUST2048,SEG090
CUST2049,SEG010
CUST2050,SEG103
CUST2051,SEG014
CUST2052,SEG046
CUST2053,SEG015
CUST2054,SEG042
CUST2055,SEG199
CUST2056,SEG139
CUST2057,SEG062
CUST2058,SEG094
CUST2059,SEG127
CUST2060,SEG036
CUST2061,SEG042
CUST2062,SEG044
CUST2063,SEG092
CUST2064,SEG062
CUST2065,SEG041
CUST2066,SEG163
CUST2067,SEG115
CUST2068,SEG079
CUST2069,SEG005
CUST2070,SEG150
CUST2071,SEG198
CUST2072,SEG007
CUST2073,SEG126
CUST2074,SEG105
CUST2075,SEG019
CUST2076,SEG002
CUST2077,SEG146
CUST2078,SEG053
CUST2079,SEG161
CUST2080,SEG186
CUST2081,SEG194
CUST2082,SEG052
CUST2083,SEG033
CUST2084,SEG101
CUST2085,SEG150
CUST2086,SEG085
CUST2087,SEG011
CUST2088,SEG013
CUST2089,SEG159
CUST2090,SEG119
CUST2091,SEG118
CUST2092,SEG143
CUST2093,SEG125
CUST2094,SEG054
CUST2095,SEG119
CUST2096,SEG160
CUST2097,SEG095
CUST2098,SEG112
CUST2099,SEG116
CUST2100,SEG150
CUST2101,SEG018
CUST2102,SEG169
CUST2103,SEG089
CUST2104,SEG152
CUST2105,SEG186
CUST2106,SEG111
CUST2107,SEG199
CUST2108,SEG046
CUST2109,SEG019
CUST2110,SEG129
CUST2111,SEG022
CUST2112,SEG171
CUST2113,SEG076
CUST2114,SEG117
CUST2115,SEG168
CUST2116,SEG082
CUST2117,SEG188
CUST2118,SEG160
CUST2119,SEG008
CUST2120,SEG051
CUST2121,SEG100
CUST2122,SEG141
CUST2123,SEG140
CUST2124,SEG126
CUST2125,SEG067
CUST2126,SEG199
CUST2127,SEG123
CUST2128,SEG044
CUST2129,SEG101
CUST2130,SEG041
CUST2131,SEG101
CUST2132,SEG195
CUST2133,SEG097
CUST2134,SEG030
CUST2135,SEG109
CUST2136,SEG189
CUST2137,SEG170
CUST2138,SEG030
CUST2139,SEG131
CUST2140,SEG043
CUST2141,SEG140
CUST2142,SEG018
CUST2143,SEG181
CUST2144,SEG082
CUST2145,SEG199
CUST2146,SEG106
CUST2147,SEG052
CUST2148,SEG168
CUST2149,SEG024
CUST2150,SEG065
CUST2151,SEG101
CUST2152,SEG119
CUST2153,SEG154
CUST2154,SEG095
CUST2155,SEG155
CUST2156,SEG056
CUST2157,SEG049
CUST2158,SEG038
CUST2159,SEG079
CUST2160,SEG069
CUST2161,SEG074
CUST2162,SEG013
CUST2163,SEG052
CUST2164,SEG151
CUST2165,SEG139
CUST2166,SEG156
CUST2167,SEG062
CUST2168,SEG179
CUST2169,SEG053
CUST2170,SEG065
CUST2171,SEG190
CUST2172,SEG195
CUST2173,SEG015
CUST2174,SEG048
CUST2175,SEG166
CUST2176,SEG040
CUST2177,SEG110
CUST2178,SEG113
CUST2179,SEG177
CUST2180,SEG158
CUST2181,SEG039
CUST2182,SEG078
CUST2183,SEG152
CUST2184,SEG087
CUST2185,SEG071
CUST2186,SEG119
CUST2187,SEG010
CUST2188,SEG111
CUST2189,SEG029
CUST2190,SEG007
CUST2191,SEG053
CUST2192,SEG158
CUST2193,SEG118
CUST2194,SEG183
CUST2195,SEG170
CUST2196,SEG069
CUST2197,SEG022
CUST2198,SEG136
CUST2199,SEG145
CUST2200,SEG116
CUST2201,SEG087
CUST2202,SEG100
CUST2203,SEG069
CUST2204,SEG003
CUST2205,SEG020
CUST2206,SEG017
CUST2207,SEG077
CUST2208,SEG029
CUST2209,SEG152
CUST2210,SEG183
CUST2211,SEG184
CUST2212,SEG026
CUST2213,SEG035
CUST2214,SEG114
CUST2215,SEG026
CUST2216,SEG104
CUST2217,SEG063
CUST2218,SEG111
CUST2219,SEG194
CUST2220,SEG196
CUST2221,SEG065
CUST2222,SEG193
CUST2223,SEG194
CUST2224,SEG080
CUST2225,SEG131
CUST2226,SEG001
CUST2227,SEG134
CUST2228,SEG009
CUST2229,SEG138
CUST2230,SEG160
CUST2231,SEG073
CUST2232,SEG020
CUST2233,SEG052
CUST2234,SEG073
CUST2235,SEG024
CUST2236,SEG154
CUST2237,SEG045
CUST2238,SEG065
CUST2239,SEG193
CUST2240,SEG073
CUST2241,SEG007
CUST2242,SEG018
CUST2243,SEG076
CUST2244,SEG104
CUST2245,SEG149
CUST2246,SEG097
CUST2247,SEG154
CUST2248,SEG001
CUST2249,SEG156
CUST2250,SEG145
CUST2251,SEG023
CUST2252,SEG048
CUST2253,SEG129
CUST2254,SEG171
CUST2255,SEG071
CUST2256,SEG195
CUST2257,SEG162
CUST2258,SEG193
CUST2259,SEG197
CUST2260,SEG124
CUST2261,SEG051
CUST2262,SEG004
CUST2263,SEG024
CUST2264,SEG078
CUST2265,SEG189
CUST2266,SEG033
CUST2267,SEG191
CUST2268,SEG027
CUST2269,SEG034
CUST2270,SEG129
CUST2271,SEG110
CUST2272,SEG019
CUST2273,SEG003
CUST2274,SEG041
CUST2275,SEG160
CUST2276,SEG031
CUST2277,SEG096
CUST2278,SEG080
CUST2279,SEG043
CUST2280,SEG073
CUST2281,SEG014
CUST2282,SEG128
CUST2283,SEG033
CUST2284,SEG132
CUST2285,SEG001
CUST2286,SEG130
CUST2287,SEG025
CUST2288,SEG099
CUST2289,SEG196
CUST2290,SEG133
CUST2291,SEG159
CUST2292,SEG089
CUST2293,SEG149
CUST2294,SEG025
CUST2295,SEG089
CUST2296,SEG177
CUST2297,SEG014
CUST2298,SEG176
CUST2299,SEG072
CUST2300,SEG136
CUST2301,SEG053
CUST2302,SEG072
CUST2303,SEG036
CUST2304,SEG200
CUST2305,SEG069
CUST2306,SEG075
CUST2307,SEG113
CUST2308,SEG141
CUST2309,SEG056
CUST2310,SEG186
CUST2311,SEG102
CUST2312,SEG068
CUST2313,SEG103
CUST2314,SEG125
CUST2315,SEG198
CUST2316,SEG133
CUST2317,SEG187
CUST2318,SEG070
CUST2319,SEG155
CUST2320,SEG135
CUST2321,SEG187
CUST2322,SEG072
CUST2323,SEG197
CUST2324,SEG015
CUST2325,SEG175
CUST2326,SEG148
CUST2327,SEG051
CUST2328,SEG029
CUST2329,SEG012
CUST2330,SEG123
CUST2331,SEG075
CUST2332,SEG109
CUST2333,SEG125
CUST2334,SEG035
CUST2335,SEG151
CUST2336,SEG133
CUST2337,SEG163
CUST2338,SEG024
CUST2339,SEG119
CUST2340,SEG098
CUST2341,SEG059
CUST2342,SEG117
CUST2343,SEG167
CUST2344,SEG031
CUST2345,SEG154
CUST2346,SEG036
CUST2347,SEG111
CUST2348,SEG182
CUST2349,SEG161
CUST2350,SEG014
CUST2351,SEG183
CUST2352,SEG051
CUST2353,SEG123
CUST2354,SEG171
CUST2355,SEG074
CUST2356,SEG054
CUST2357,SEG200
CUST2358,SEG114
CUST2359,SEG123
CUST2360,SEG185
CUST2361,SEG045
CUST2362,SEG020
CUST2363,SEG087
CUST2364,SEG086
CUST2365,SEG139
CUST2366,SEG070
CUST2367,SEG053
CUST2368,SEG127
CUST2369,SEG160
CUST2370,SEG154
CUST2371,SEG051
CUST2372,SEG004
CUST2373,SEG013
CUST2374,SEG184
CUST2375,SEG163
CUST2376,SEG054
CUST2377,SEG105
CUST2378,SEG080
CUST2379,SEG091
CUST2380,SEG195
CUST2381,SEG058
CUST2382,SEG179
CUST2383,SEG098
CUST2384,SEG198
CUST2385,SEG183
CUST2386,SEG068
CUST2387,SEG055
CUST2388,SEG063
CUST2389,SEG034
CUST2390,SEG190
CUST2391,SEG022
CUST2392,SEG023
CUST2393,SEG163
CUST2394,SEG067
CUST2395,SEG083
CUST2396,SEG004
CUST2397,SEG132
CUST2398,SEG032
CUST2399,SEG006
CUST2400,SEG057
CUST2401,SEG155
CUST2402,SEG178
CUST2403,SEG195
CUST2404,SEG024
CUST2405,SEG125
CUST2406,SEG066
CUST2407,SEG101
CUST2408,SEG052
CUST2409,SEG178
CUST2410,SEG199
CUST2411,SEG118
CUST2412,SEG124
CUST2413,SEG019
CUST2414,SEG002
CUST2415,SEG163
CUST2416,SEG177
CUST2417,SEG113
CUST2418,SEG137
CUST2419,SEG165
CUST2420,SEG027
CUST2421,SEG006
CUST2422,SEG033
CUST2423,SEG039
CUST2424,SEG182
CUST2425,SEG108
CUST2426,SEG106
CUST2427,SEG189
CUST2428,SEG057
CUST2429,SEG054
CUST2430,SEG100
CUST2431,SEG134
CUST2432,SEG128
CUST2433,SEG188
CUST2434,SEG094
CUST2435,SEG048
CUST2436,SEG056
CUST2437,SEG013
CUST2438,SEG169
CUST2439,SEG088
CUST2440,SEG061
CUST2441,SEG192
CUST2442,SEG191
CUST2443,SEG158
CUST2444,SEG180
CUST2445,SEG059
CUST2446,SEG180
CUST2447,SEG173
CUST2448,SEG183
CUST2449,SEG179
CUST2450,SEG120
CUST2451,SEG006
CUST2452,SEG169
CUST2453,SEG093
CUST2454,SEG071
CUST2455,SEG048
CUST2456,SEG123
CUST2457,SEG153
CUST2458,SEG164
CUST2459,SEG160
CUST2460,SEG120
CUST2461,SEG114
CUST2462,SEG199
CUST2463,SEG183
CUST2464,SEG180
CUST2465,SEG077
CUST2466,SEG117
CUST2467,SEG146
CUST2468,SEG088
CUST2469,SEG176
CUST2470,SEG104
CUST2471,SEG193
CUST2472,SEG071
CUST2473,SEG096
CUST2474,SEG123
CUST2475,SEG041
CUST2476,SEG119
CUST2477,SEG145
CUST2478,SEG092
CUST2479,SEG105
CUST2480,SEG039
CUST2481,SEG047
CUST2482,SEG048
CUST2483,SEG100
CUST2484,SEG125
CUST2485,SEG016
CUST2486,SEG168
CUST2487,SEG072
CUST2488,SEG008
CUST2489,SEG100
CUST2490,SEG025
CUST2491,SEG142
CUST2492,SEG176
CUST2493,SEG120
CUST2494,SEG182
CUST2495,SEG085
CUST2496,SEG066
CUST2497,SEG089
CUST2498,SEG095
CUST2499,SEG169
CUST2500,SEG059
CUST2501,SEG135
CUST2502,SEG045
CUST2503,SEG087
CUST2504,SEG084
CUST2505,SEG020
CUST2506,SEG164
CUST2507,SEG054
CUST2508,SEG161
CUST2509,SEG022
CUST2510,SEG192
CUST2511,SEG122
CUST2512,SEG133
CUST2513,SEG138
CUST2514,SEG160
CUST2515,SEG125
CUST2516,SEG136
CUST2517,SEG139
CUST2518,SEG093
CUST2519,SEG148
CUST2520,SEG172
CUST2521,SEG121
CUST2522,SEG099
CUST2523,SEG098
CUST2524,SEG176
CUST2525,SEG146
CUST2526,SEG089
CUST2527,SEG027
CUST2528,SEG146
CUST2529,SEG152
CUST2530,SEG171
CUST2531,SEG036
CUST2532,SEG033
CUST2533,SEG101
CUST2534,SEG079
CUST2535,SEG073
CUST2536,SEG148
CUST2537,SEG062
CUST2538,SEG191
CUST2539,SEG185
CUST2540,SEG140
CUST2541,SEG194
CUST2542,SEG115
CUST2543,SEG020
CUST2544,SEG068
CUST2545,SEG155
CUST2546,SEG081
CUST2547,SEG055
CUST2548,SEG091
CUST2549,SEG142
CUST2550,SEG073
CUST2551,SEG052
CUST2552,SEG018
CUST2553,SEG057
CUST2554,SEG015
CUST2555,SEG086
CUST2556,SEG038
CUST2557,SEG039
CUST2558,SEG124
CUST2559,SEG064
CUST2560,SEG006
CUST2561,SEG057
CUST2562,SEG070
CUST2563,SEG112
CUST2564,SEG039
CUST2565,SEG143
CUST2566,SEG046
CUST2567,SEG083
CUST2568,SEG139
CUST2569,SEG055
CUST2570,SEG197
CUST2571,SEG133
CUST2572,SEG042
CUST2573,SEG122
CUST2574,SEG103
CUST2575,SEG159
CUST2576,SEG174
CUST2577,SEG079
CUST2578,SEG063
CUST2579,SEG093
CUST2580,SEG163
CUST2581,SEG027
CUST2582,SEG157
CUST2583,SEG185
CUST2584,SEG001
CUST2585,SEG021
CUST2586,SEG011
CUST2587,SEG066
CUST2588,SEG091
CUST2589,SEG099
CUST2590,SEG126
CUST2591,SEG033
CUST2592,SEG013
CUST2593,SEG035
CUST2594,SEG060
CUST2595,SEG018
CUST2596,SEG172
CUST2597,SEG046
CUST2598,SEG127
CUST2599,SEG097
CUST2600,SEG163
CUST2601,SEG067
CUST2602,SEG135
CUST2603,SEG070
CUST2604,SEG072
CUST2605,SEG146
CUST2606,SEG160
CUST2607,SEG075
CUST2608,SEG163
CUST2609,SEG182
CUST2610,SEG120
CUST2611,SEG082
CUST2612,SEG102
CUST2613,SEG117
CUST2614,SEG047
CUST2615,SEG168
CUST2616,SEG098
CUST2617,SEG075
CUST2618,SEG188
CUST2619,SEG124
CUST2620,SEG184
CUST2621,SEG129
CUST2622,SEG112
CUST2623,SEG139
CUST2624,SEG109
CUST2625,SEG047
CUST2626,SEG133
CUST2627,SEG154
CUST2628,SEG112
CUST2629,SEG046
CUST2630,SEG142
CUST2631,SEG114
CUST2632,SEG108
CUST2633,SEG017
CUST2634,SEG050
CUST2635,SEG056
CUST2636,SEG019
CUST2637,SEG199
CUST2638,SEG042
CUST2639,SEG101
CUST2640,SEG189
CUST2641,SEG159
CUST2642,SEG008
CUST2643,SEG169
CUST2644,SEG119
CUST2645,SEG011
CUST2646,SEG124
CUST2647,SEG173
CUST2648,SEG043
CUST2649,SEG002
CUST2650,SEG128
CUST2651,SEG004
CUST2652,SEG102
CUST2653,SEG061
CUST2654,SEG029
CUST2655,SEG114
CUST2656,SEG010
CUST2657,SEG120
CUST2658,SEG099
CUST2659,SEG060
CUST2660,SEG118
CUST2661,SEG048
CUST2662,SEG193
CUST2663,SEG067
CUST2664,SEG049
CUST2665,SEG165
CUST2666,SEG076
CUST2667,SEG009
CUST2668,SEG156
CUST2669,SEG159
CUST2670,SEG072
CUST2671,SEG009
CUST2672,SEG130
CUST2673,SEG059
CUST2674,SEG170
CUST2675,SEG164
CUST2676,SEG074
CUST2677,SEG189
CUST2678,SEG070
CUST2679,SEG076
CUST2680,SEG135
CUST2681,SEG100
CUST2682,SEG199
CUST2683,SEG128
CUST2684,SEG190
CUST2685,SEG054
CUST2686,SEG144
CUST2687,SEG164
CUST2688,SEG104
CUST2689,SEG081
CUST2690,SEG183
CUST2691,SEG105
CUST2692,SEG099
CUST2693,SEG088
CUST2694,SEG183
CUST2695,SEG032
CUST2696,SEG198
CUST2697,SEG090
CUST2698,SEG155
CUST2699,SEG005
CUST2700,SEG094
CUST2701,SEG172
CUST2702,SEG022
CUST2703,SEG156
CUST2704,SEG185
CUST2705,SEG102
CUST2706,SEG031
CUST2707,SEG002
CUST2708,SEG075
CUST2709,SEG151
CUST2710,SEG162
CUST2711,SEG002
CUST2712,SEG064
CUST2713,SEG084
CUST2714,SEG097
CUST2715,SEG082
CUST2716,SEG067
CUST2717,SEG191
CUST2718,SEG103
CUST2719,SEG007
CUST2720,SEG077
CUST2721,SEG129
CUST2722,SEG016
CUST2723,SEG077
CUST2724,SEG138
CUST2725,SEG167
CUST2726,SEG104
CUST2727,SEG079
CUST2728,SEG005
CUST2729,SEG080
CUST2730,SEG189
CUST2731,SEG104
CUST2732,SEG053
CUST2733,SEG051
CUST2734,SEG122
CUST2735,SEG050
CUST2736,SEG196
CUST2737,SEG171
CUST2738,SEG168
CUST2739,SEG020
CUST2740,SEG188
CUST2741,SEG035
CUST2742,SEG135
CUST2743,SEG195
CUST2744,SEG001
CUST2745,SEG197
CUST2746,SEG078
CUST2747,SEG061
CUST2748,SEG047
CUST2749,SEG057
CUST2750,SEG115
CUST2751,SEG022
CUST2752,SEG128
CUST2753,SEG177
CUST2754,SEG161
CUST2755,SEG172
CUST2756,SEG086
CUST2757,SEG189
CUST2758,SEG039
CUST2759,SEG144
CUST2760,SEG152
CUST2761,SEG022
CUST2762,SEG001
CUST2763,SEG128
CUST2764,SEG188
CUST2765,SEG194
CUST2766,SEG173
CUST2767,SEG083
CUST2768,SEG001
CUST2769,SEG183
CUST2770,SEG157
CUST2771,SEG064
CUST2772,SEG158
CUST2773,SEG084
CUST2774,SEG053
CUST2775,SEG143
CUST2776,SEG033
CUST2777,SEG013
CUST2778,SEG135
CUST2779,SEG124
CUST2780,SEG025
CUST2781,SEG095
CUST2782,SEG068
CUST2783,SEG093
CUST2784,SEG126
CUST2785,SEG109
CUST2786,SEG036
CUST2787,SEG086
CUST2788,SEG001
CUST2789,SEG060
CUST2790,SEG135
CUST2791,SEG042
CUST2792,SEG107
CUST2793,SEG137
CUST2794,SEG126
CUST2795,SEG163
CUST2796,SEG071
CUST2797,SEG141
CUST2798,SEG142
CUST2799,SEG131
CUST2800,SEG134
CUST2801,SEG018
CUST2802,SEG084
CUST2803,SEG126
CUST2804,SEG191
CUST2805,SEG145
CUST2806,SEG018
CUST2807,SEG177
CUST2808,SEG128
CUST2809,SEG182
CUST2810,SEG091
CUST2811,SEG027
CUST2812,SEG115
CUST2813,SEG134
CUST2814,SEG158
CUST2815,SEG062
CUST2816,SEG087
CUST2817,SEG138
CUST2818,SEG131
CUST2819,SEG170
CUST2820,SEG172
CUST2821,SEG070
CUST2822,SEG054
CUST2823,SEG081
CUST2824,SEG050
CUST2825,SEG036
CUST2826,SEG139
CUST2827,SEG068
CUST2828,SEG194
CUST2829,SEG189
CUST2830,SEG089
CUST2831,SEG135
CUST2832,SEG072
CUST2833,SEG148
CUST2834,SEG127
CUST2835,SEG069
CUST2836,SEG115
CUST2837,SEG060
CUST2838,SEG068
CUST2839,SEG016
CUST2840,SEG114
CUST2841,SEG145
CUST2842,SEG154
CUST2843,SEG139
CUST2844,SEG131
CUST2845,SEG126
CUST2846,SEG142
CUST2847,SEG062
CUST2848,SEG069
CUST2849,SEG040
CUST2850,SEG066
CUST2851,SEG007
CUST2852,SEG067
CUST2853,SEG188
CUST2854,SEG038
CUST2855,SEG162
CUST2856,SEG119
CUST2857,SEG063
CUST2858,SEG087
CUST2859,SEG035
CUST2860,SEG006
CUST2861,SEG033
CUST2862,SEG177
CUST2863,SEG180
CUST2864,SEG035
CUST2865,SEG051
CUST2866,SEG066
CUST2867,SEG181
CUST2868,SEG133
CUST2869,SEG112
CUST2870,SEG073
CUST2871,SEG107
CUST2872,SEG114
CUST2873,SEG130
CUST2874,SEG039
CUST2875,SEG123
CUST2876,SEG044
CUST2877,SEG076
CUST2878,SEG024
CUST2879,SEG030
CUST2880,SEG185
CUST2881,SEG131
CUST2882,SEG110
CUST2883,SEG054
CUST2884,SEG040
CUST2885,SEG120
CUST2886,SEG001
CUST2887,SEG154
CUST2888,SEG056
CUST2889,SEG110
CUST2890,SEG119
CUST2891,SEG058
CUST2892,SEG001
CUST2893,SEG009
CUST2894,SEG017
CUST2895,SEG064
CUST2896,SEG116
CUST2897,SEG045
CUST2898,SEG151
CUST2899,SEG021
CUST2900,SEG142
CUST2901,SEG019
CUST2902,SEG104
CUST2903,SEG063
CUST2904,SEG144
CUST2905,SEG123
CUST2906,SEG200
CUST2907,SEG147
CUST2908,SEG146
CUST2909,SEG026
CUST2910,SEG062
CUST2911,SEG058
CUST2912,SEG115
CUST2913,SEG138
CUST2914,SEG170
CUST2915,SEG090
CUST2916,SEG180
CUST2917,SEG094
CUST2918,SEG146
CUST2919,SEG075
CUST2920,SEG061
CUST2921,SEG006
CUST2922,SEG010
CUST2923,SEG074
CUST2924,SEG027
CUST2925,SEG130
CUST2926,SEG146
CUST2927,SEG175
CUST2928,SEG040
CUST2929,SEG150
CUST2930,SEG145
CUST2931,SEG168
CUST2932,SEG085
CUST2933,SEG067
CUST2934,SEG181
CUST2935,SEG101
CUST2936,SEG113
CUST2937,SEG127
CUST2938,SEG169
CUST2939,SEG047
CUST2940,SEG189
CUST2941,SEG132
CUST2942,SEG092
CUST2943,SEG145
CUST2944,SEG036
CUST2945,SEG179
CUST2946,SEG043
CUST2947,SEG164
CUST2948,SEG176
CUST2949,SEG089
CUST2950,SEG127
CUST2951,SEG009
CUST2952,SEG194
CUST2953,SEG192
CUST2954,SEG014
CUST2955,SEG172
CUST2956,SEG186
CUST2957,SEG007
CUST2958,SEG039
CUST2959,SEG059
CUST2960,SEG160
CUST2961,SEG144
CUST2962,SEG038
CUST2963,SEG097
CUST2964,SEG090
CUST2965,SEG036
CUST2966,SEG136
CUST2967,SEG143
CUST2968,SEG132
CUST2969,SEG025
CUST2970,SEG012
CUST2971,SEG175
CUST2972,SEG187
CUST2973,SEG113
CUST2974,SEG029
CUST2975,SEG173
CUST2976,SEG058
CUST2977,SEG116
CUST2978,SEG156
CUST2979,SEG135
CUST2980,SEG119
CUST2981,SEG002
CUST2982,SEG198
CUST2983,SEG015
CUST2984,SEG042
CUST2985,SEG025
CUST2986,SEG199
CUST2987,SEG156
CUST2988,SEG163
CUST2989,SEG027
CUST2990,SEG135
CUST2991,SEG185
CUST2992,SEG144
CUST2993,SEG064
CUST2994,SEG013
CUST2995,SEG159
CUST2996,SEG154
CUST2997,SEG166
CUST2998,SEG029
CUST2999,SEG176
CUST3000,SEG039
CUST3001,SEG135
CUST3002,SEG189
CUST3003,SEG029
CUST3004,SEG023
CUST3005,SEG045
CUST3006,SEG156
CUST3007,SEG058
CUST3008,SEG166
CUST3009,SEG154
CUST3010,SEG074
CUST3011,SEG027
CUST3012,SEG055
CUST3013,SEG063
CUST3014,SEG147
CUST3015,SEG094
CUST3016,SEG064
CUST3017,SEG136
CUST3018,SEG125
CUST3019,SEG052
CUST3020,SEG124
CUST3021,SEG180
CUST3022,SEG045
CUST3023,SEG012
CUST3024,SEG024
CUST3025,SEG019
CUST3026,SEG047
CUST3027,SEG063
CUST3028,SEG185
CUST3029,SEG084
CUST3030,SEG115
CUST3031,SEG138
CUST3032,SEG112
CUST3033,SEG148
CUST3034,SEG189
CUST3035,SEG046
CUST3036,SEG150
CUST3037,SEG164
CUST3038,SEG179
CUST3039,SEG132
CUST3040,SEG080
CUST3041,SEG176
CUST3042,SEG100
CUST3043,SEG181
CUST3044,SEG079
CUST3045,SEG175
CUST3046,SEG016
CUST3047,SEG122
CUST3048,SEG078
CUST3049,SEG105
CUST3050,SEG048
CUST3051,SEG058
CUST3052,SEG158
CUST3053,SEG181
CUST3054,SEG166
CUST3055,SEG127
CUST3056,SEG089
CUST3057,SEG146
CUST3058,SEG162
CUST3059,SEG169
CUST3060,SEG136
CUST3061,SEG097
CUST3062,SEG111
CUST3063,SEG192
CUST3064,SEG146
CUST3065,SEG175
CUST3066,SEG154
CUST3067,SEG122
CUST3068,SEG174
CUST3069,SEG108
CUST3070,SEG137
CUST3071,SEG169
CUST3072,SEG172
CUST3073,SEG048
CUST3074,SEG130
CUST3075,SEG173
CUST3076,SEG028
CUST3077,SEG002
CUST3078,SEG094
CUST3079,SEG145
CUST3080,SEG132
CUST3081,SEG091
CUST3082,SEG047
CUST3083,SEG139
CUST3084,SEG077
CUST3085,SEG016
CUST3086,SEG023
CUST3087,SEG191
CUST3088,SEG132
CUST3089,SEG126
CUST3090,SEG153
CUST3091,SEG140
CUST3092,SEG112
CUST3093,SEG038
CUST3094,SEG153
CUST3095,SEG106
CUST3096,SEG138
CUST3097,SEG018
CUST3098,SEG146
CUST3099,SEG011
CUST3100,SEG082
CUST3101,SEG122
CUST3102,SEG112
CUST3103,SEG003
CUST3104,SEG001
CUST3105,SEG069
CUST3106,SEG092
CUST3107,SEG124
CUST3108,SEG062
CUST3109,SEG142
CUST3110,SEG126
CUST3111,SEG141
CUST3112,SEG093
CUST3113,SEG100
CUST3114,SEG106
CUST3115,SEG143
CUST3116,SEG135
CUST3117,SEG009
CUST3118,SEG155
CUST3119,SEG169
CUST3120,SEG066
CUST3121,SEG122
CUST3122,SEG037
CUST3123,SEG095
CUST3124,SEG110
CUST3125,SEG098
CUST3126,SEG077
CUST3127,SEG051
CUST3128,SEG116
CUST3129,SEG154
CUST3130,SEG047
CUST3131,SEG155
CUST3132,SEG051
CUST3133,SEG166
CUST3134,SEG040
CUST3135,SEG087
CUST3136,SEG040
CUST3137,SEG165
CUST3138,SEG020
CUST3139,SEG089
CUST3140,SEG167
CUST3141,SEG062
CUST3142,SEG015
CUST3143,SEG064
CUST3144,SEG125
CUST3145,SEG177
CUST3146,SEG034
CUST3147,SEG110
CUST3148,SEG116
CUST3149,SEG083
CUST3150,SEG172
CUST3151,SEG079
CUST3152,SEG070
CUST3153,SEG058
CUST3154,SEG085
CUST3155,SEG181
CUST3156,SEG192
CUST3157,SEG114
CUST3158,SEG137
CUST3159,SEG099
CUST3160,SEG133
CUST3161,SEG145
CUST3162,SEG177
CUST3163,SEG172
CUST3164,SEG150
CUST3165,SEG073
CUST3166,SEG065
CUST3167,SEG109
CUST3168,SEG049
CUST3169,SEG187
CUST3170,SEG105
CUST3171,SEG095
CUST3172,SEG057
CUST3173,SEG142
CUST3174,SEG160
CUST3175,SEG069
CUST3176,SEG155
CUST3177,SEG166
CUST3178,SEG182
CUST3179,SEG025
CUST3180,SEG191
CUST3181,SEG180
CUST3182,SEG009
CUST3183,SEG128
CUST3184,SEG196
CUST3185,SEG103
CUST3186,SEG087
CUST3187,SEG024
CUST3188,SEG077
CUST3189,SEG183
CUST3190,SEG180
CUST3191,SEG041
CUST3192,SEG176
CUST3193,SEG024
CUST3194,SEG132
CUST3195,SEG052
CUST3196,SEG131
CUST3197,SEG131
CUST3198,SEG126
CUST3199,SEG038
CUST3200,SEG182
CUST3201,SEG022
CUST3202,SEG189
CUST3203,SEG108
CUST3204,SEG153
CUST3205,SEG176
CUST3206,SEG171
CUST3207,SEG117
CUST3208,SEG127
CUST3209,SEG065
CUST3210,SEG187
CUST3211,SEG004
CUST3212,SEG037
CUST3213,SEG036
CUST3214,SEG127
CUST3215,SEG109
CUST3216,SEG090
CUST3217,SEG058
CUST3218,SEG167
CUST3219,SEG113
CUST3220,SEG184
CUST3221,SEG132
CUST3222,SEG048
CUST3223,SEG023
CUST3224,SEG134
CUST3225,SEG159
CUST3226,SEG068
CUST3227,SEG063
CUST3228,SEG034
CUST3229,SEG145
CUST3230,SEG188
CUST3231,SEG124
CUST3232,SEG051
CUST3233,SEG141
CUST3234,SEG118
CUST3235,SEG191
CUST3236,SEG184
CUST3237,SEG194
CUST3238,SEG026
CUST3239,SEG004
CUST3240,SEG177
CUST3241,SEG070
CUST3242,SEG178
CUST3243,SEG002
CUST3244,SEG089
CUST3245,SEG054
CUST3246,SEG031
CUST3247,SEG190
CUST3248,SEG029
CUST3249,SEG033
CUST3250,SEG181
CUST3251,SEG044
CUST3252,SEG066
CUST3253,SEG147
CUST3254,SEG174
CUST3255,SEG182
CUST3256,SEG096
CUST3257,SEG159
CUST3258,SEG088
CUST3259,SEG089
CUST3260,SEG102
CUST3261,SEG095
CUST3262,SEG130
CUST3263,SEG094
CUST3264,SEG103
CUST3265,SEG186
CUST3266,SEG132
CUST3267,SEG111
CUST3268,SEG075
CUST3269,SEG034
CUST3270,SEG043
CUST3271,SEG160
CUST3272,SEG007
CUST3273,SEG063
CUST3274,SEG155
CUST3275,SEG196
CUST3276,SEG163
CUST3277,SEG061
CUST3278,SEG047
CUST3279,SEG077
CUST3280,SEG199
CUST3281,SEG008
CUST3282,SEG139
CUST3283,SEG104
CUST3284,SEG194
CUST3285,SEG076
CUST3286,SEG166
CUST3287,SEG025
CUST3288,SEG011
CUST3289,SEG054
CUST3290,SEG040
CUST3291,SEG179
CUST3292,SEG156
CUST3293,SEG006
CUST3294,SEG090
CUST3295,SEG133
CUST3296,SEG194
CUST3297,SEG200
CUST3298,SEG196
CUST3299,SEG057
CUST3300,SEG091
CUST3301,SEG076
CUST3302,SEG078
CUST3303,SEG032
CUST3304,SEG068
CUST3305,SEG160
CUST3306,SEG147
CUST3307,SEG076
CUST3308,SEG017
CUST3309,SEG177
CUST3310,SEG116
CUST3311,SEG092
CUST3312,SEG060
CUST3313,SEG028
CUST3314,SEG068
CUST3315,SEG015
CUST3316,SEG026
CUST3317,SEG184
CUST3318,SEG156
CUST3319,SEG043
CUST3320,SEG200
CUST3321,SEG057
CUST3322,SEG123
CUST3323,SEG070
CUST3324,SEG161
CUST3325,SEG120
CUST3326,SEG150
CUST3327,SEG018
CUST3328,SEG047
CUST3329,SEG093
CUST3330,SEG097
CUST3331,SEG082
CUST3332,SEG069
CUST3333,SEG161
CUST3334,SEG167
CUST3335,SEG167
CUST3336,SEG172
CUST3337,SEG185
CUST3338,SEG120
CUST3339,SEG144
CUST3340,SEG051
CUST3341,SEG190
CUST3342,SEG110
CUST3343,SEG171
CUST3344,SEG079
CUST3345,SEG086
CUST3346,SEG129
CUST3347,SEG106
CUST3348,SEG184
CUST3349,SEG018
CUST3350,SEG079
CUST3351,SEG008
CUST3352,SEG150
CUST3353,SEG070
CUST3354,SEG196
CUST3355,SEG110
CUST3356,SEG038
CUST3357,SEG063
CUST3358,SEG160
CUST3359,SEG139
CUST3360,SEG017
CUST3361,SEG056
CUST3362,SEG105
CUST3363,SEG071
CUST3364,SEG061
CUST3365,SEG013
CUST3366,SEG099
CUST3367,SEG096
CUST3368,SEG017
CUST3369,SEG195
CUST3370,SEG016
CUST3371,SEG008
CUST3372,SEG036
CUST3373,SEG062
CUST3374,SEG165
CUST3375,SEG186
CUST3376,SEG191
CUST3377,SEG162
CUST3378,SEG198
CUST3379,SEG001
CUST3380,SEG126
CUST3381,SEG159
CUST3382,SEG122
CUST3383,SEG091
CUST3384,SEG097
CUST3385,SEG009
CUST3386,SEG134
CUST3387,SEG055
CUST3388,SEG120
CUST3389,SEG180
CUST3390,SEG106
CUST3391,SEG038
CUST3392,SEG021
CUST3393,SEG113
CUST3394,SEG061
CUST3395,SEG095
CUST3396,SEG157
CUST3397,SEG121
CUST3398,SEG006
CUST3399,SEG002
CUST3400,SEG160
CUST3401,SEG080
CUST3402,SEG180
CUST3403,SEG036
CUST3404,SEG154
CUST3405,SEG044
CUST3406,SEG019
CUST3407,SEG194
CUST3408,SEG068
CUST3409,SEG030
CUST3410,SEG183
CUST3411,SEG040
CUST3412,SEG181
CUST3413,SEG068
CUST3414,SEG119
CUST3415,SEG168
CUST3416,SEG028
CUST3417,SEG018
CUST3418,SEG083
CUST3419,SEG139
CUST3420,SEG094
CUST3421,SEG032
CUST3422,SEG055
CUST3423,SEG043
CUST3424,SEG061
CUST3425,SEG080
CUST3426,SEG099
CUST3427,SEG107
CUST3428,SEG049
CUST3429,SEG196
CUST3430,SEG106
CUST3431,SEG195
CUST3432,SEG128
CUST3433,SEG071
CUST3434,SEG137
CUST3435,SEG101
CUST3436,SEG162
CUST3437,SEG007
CUST3438,SEG157
CUST3439,SEG013
CUST3440,SEG037
CUST3441,SEG028
CUST3442,SEG098
CUST3443,SEG085
CUST3444,SEG162
CUST3445,SEG144
CUST3446,SEG139
CUST3447,SEG151
CUST3448,SEG041
CUST3449,SEG110
CUST3450,SEG063
CUST3451,SEG132
CUST3452,SEG015
CUST3453,SEG152
CUST3454,SEG193
CUST3455,SEG189
CUST3456,SEG074
CUST3457,SEG178
CUST3458,SEG069
CUST3459,SEG196
CUST3460,SEG153
CUST3461,SEG170
CUST3462,SEG064
CUST3463,SEG048
CUST3464,SEG113
CUST3465,SEG154
CUST3466,SEG055
CUST3467,SEG074
CUST3468,SEG134
CUST3469,SEG182
CUST3470,SEG039
CUST3471,SEG174
CUST3472,SEG149
CUST3473,SEG167
CUST3474,SEG183
CUST3475,SEG194
CUST3476,SEG138
CUST3477,SEG121
CUST3478,SEG099
CUST3479,SEG153
CUST3480,SEG066
CUST3481,SEG011
CUST3482,SEG010
CUST3483,SEG005
CUST3484,SEG133
CUST3485,SEG070
CUST3486,SEG055
CUST3487,SEG170
CUST3488,SEG116
CUST3489,SEG184
CUST3490,SEG079
CUST3491,SEG006
CUST3492,SEG121
CUST3493,SEG176
CUST3494,SEG110
CUST3495,SEG039
CUST3496,SEG194
CUST3497,SEG193
CUST3498,SEG047
CUST3499,SEG019
CUST3500,SEG180
CUST3501,SEG082
CUST3502,SEG130
CUST3503,SEG026
CUST3504,SEG055
CUST3505,SEG169
CUST3506,SEG067
CUST3507,SEG139
CUST3508,SEG010
CUST3509,SEG077
CUST3510,SEG055
CUST3511,SEG003
CUST3512,SEG035
CUST3513,SEG105
CUST3514,SEG112
CUST3515,SEG154
CUST3516,SEG171
CUST3517,SEG153
CUST3518,SEG165
CUST3519,SEG083
CUST3520,SEG189
CUST3521,SEG047
CUST3522,SEG173
CUST3523,SEG019
CUST3524,SEG015
CUST3525,SEG108
CUST3526,SEG030
CUST3527,SEG090
CUST3528,SEG144
CUST3529,SEG144
CUST3530,SEG015
CUST3531,SEG080
CUST3532,SEG033
CUST3533,SEG061
CUST3534,SEG068
CUST3535,SEG143
CUST3536,SEG060
CUST3537,SEG194
CUST3538,SEG159
CUST3539,SEG047
CUST3540,SEG160
CUST3541,SEG014
CUST3542,SEG044
CUST3543,SEG028
CUST3544,SEG106
CUST3545,SEG196
CUST3546,SEG030
CUST3547,SEG106
CUST3548,SEG076
CUST3549,SEG007
CUST3550,SEG170
CUST3551,SEG002
CUST3552,SEG120
CUST3553,SEG163
CUST3554,SEG070
CUST3555,SEG025
CUST3556,SEG180
CUST3557,SEG052
CUST3558,SEG195
CUST3559,SEG030
CUST3560,SEG147
CUST3561,SEG067
CUST3562,SEG106
CUST3563,SEG200
CUST3564,SEG109
CUST3565,SEG185
CUST3566,SEG115
CUST3567,SEG133
CUST3568,SEG065
CUST3569,SEG154
CUST3570,SEG122
CUST3571,SEG032
CUST3572,SEG086
CUST3573,SEG031
CUST3574,SEG023
CUST3575,SEG165
CUST3576,SEG079
CUST3577,SEG187
CUST3578,SEG032
CUST3579,SEG097
CUST3580,SEG128
CUST3581,SEG009
CUST3582,SEG105
CUST3583,SEG181
CUST3584,SEG127
CUST3585,SEG185
CUST3586,SEG193
CUST3587,SEG166
CUST3588,SEG168
CUST3589,SEG032
CUST3590,SEG141
CUST3591,SEG157
CUST3592,SEG150
CUST3593,SEG059
CUST3594,SEG092
CUST3595,SEG022
CUST3596,SEG185
CUST3597,SEG011
CUST3598,SEG094
CUST3599,SEG042
CUST3600,SEG020
CUST3601,SEG151
CUST3602,SEG013
CUST3603,SEG036
CUST3604,SEG067
CUST3605,SEG004
CUST3606,SEG100
CUST3607,SEG056
CUST3608,SEG151
CUST3609,SEG053
CUST3610,SEG148
CUST3611,SEG022
CUST3612,SEG095
CUST3613,SEG067
CUST3614,SEG021
CUST3615,SEG192
CUST3616,SEG081
CUST3617,SEG087
CUST3618,SEG084
CUST3619,SEG170
CUST3620,SEG128
CUST3621,SEG042
CUST3622,SEG178
CUST3623,SEG040
CUST3624,SEG109
CUST3625,SEG055
CUST3626,SEG060
CUST3627,SEG021
CUST3628,SEG088
CUST3629,SEG048
CUST3630,SEG096
CUST3631,SEG134
CUST3632,SEG143
CUST3633,SEG088
CUST3634,SEG036
CUST3635,SEG124
CUST3636,SEG015
CUST3637,SEG102
CUST3638,SEG169
CUST3639,SEG182
CUST3640,SEG083
CUST3641,SEG094
CUST3642,SEG002
CUST3643,SEG022
CUST3644,SEG024
CUST3645,SEG199
CUST3646,SEG186
CUST3647,SEG011
CUST3648,SEG097
CUST3649,SEG115
CUST3650,SEG027
CUST3651,SEG188
CUST3652,SEG180
CUST3653,SEG039
CUST3654,SEG007
CUST3655,SEG136
CUST3656,SEG037
CUST3657,SEG145
CUST3658,SEG150
CUST3659,SEG112
CUST3660,SEG068
CUST3661,SEG147
CUST3662,SEG002
CUST3663,SEG080
CUST3664,SEG156
CUST3665,SEG191
CUST3666,SEG096
CUST3667,SEG197
CUST3668,SEG077
CUST3669,SEG173
CUST3670,SEG038
CUST3671,SEG017
CUST3672,SEG138
CUST3673,SEG026
CUST3674,SEG069
CUST3675,SEG129
CUST3676,SEG012
CUST3677,SEG008
CUST3678,SEG145
CUST3679,SEG010
CUST3680,SEG129
CUST3681,SEG117
CUST3682,SEG143
CUST3683,SEG108
CUST3684,SEG180
CUST3685,SEG127
CUST3686,SEG180
CUST3687,SEG065
CUST3688,SEG073
CUST3689,SEG061
CUST3690,SEG055
CUST3691,SEG200
CUST3692,SEG062
CUST3693,SEG062
CUST3694,SEG010
CUST3695,SEG082
CUST3696,SEG113
CUST3697,SEG012
CUST3698,SEG004
CUST3699,SEG111
CUST3700,SEG049
CUST3701,SEG030
CUST3702,SEG112
CUST3703,SEG026
CUST3704,SEG055
CUST3705,SEG148
CUST3706,SEG081
CUST3707,SEG029
CUST3708,SEG096
CUST3709,SEG097
CUST3710,SEG120
CUST3711,SEG158
CUST3712,SEG066
CUST3713,SEG179
CUST3714,SEG105
CUST3715,SEG048
CUST3716,SEG128
CUST3717,SEG146
CUST3718,SEG048
CUST3719,SEG154
CUST3720,SEG184
CUST3721,SEG024
CUST3722,SEG063
CUST3723,SEG148
CUST3724,SEG042
CUST3725,SEG127
CUST3726,SEG173
CUST3727,SEG146
CUST3728,SEG051
CUST3729,SEG002
CUST3730,SEG041
CUST3731,SEG141
CUST3732,SEG029
CUST3733,SEG108
CUST3734,SEG004
CUST3735,SEG144
CUST3736,SEG103
CUST3737,SEG167
CUST3738,SEG052
CUST3739,SEG139
CUST3740,SEG192
CUST3741,SEG009
CUST3742,SEG082
CUST3743,SEG113
CUST3744,SEG166
CUST3745,SEG191
CUST3746,SEG114
CUST3747,SEG013
CUST3748,SEG146
CUST3749,SEG130
CUST3750,SEG166
CUST3751,SEG116
CUST3752,SEG136
CUST3753,SEG193
CUST3754,SEG061
CUST3755,SEG171
CUST3756,SEG161
CUST3757,SEG151
CUST3758,SEG158
CUST3759,SEG042
CUST3760,SEG147
CUST3761,SEG169
CUST3762,SEG040
CUST3763,SEG090
CUST3764,SEG065
CUST3765,SEG026
CUST3766,SEG163
CUST3767,SEG167
CUST3768,SEG179
CUST3769,SEG021
CUST3770,SEG095
CUST3771,SEG080
CUST3772,SEG158
CUST3773,SEG119
CUST3774,SEG152
CUST3775,SEG173
CUST3776,SEG122
CUST3777,SEG116
CUST3778,SEG068
CUST3779,SEG101
CUST3780,SEG193
CUST3781,SEG009
CUST3782,SEG105
CUST3783,SEG061
CUST3784,SEG004
CUST3785,SEG187
CUST3786,SEG187
CUST3787,SEG024
CUST3788,SEG200
CUST3789,SEG124
CUST3790,SEG188
CUST3791,SEG005
CUST3792,SEG120
CUST3793,SEG150
CUST3794,SEG077
CUST3795,SEG059
CUST3796,SEG087
CUST3797,SEG063
CUST3798,SEG046
CUST3799,SEG115
CUST3800,SEG123
CUST3801,SEG068
CUST3802,SEG172
CUST3803,SEG104
CUST3804,SEG186
CUST3805,SEG164
CUST3806,SEG044
CUST3807,SEG069
CUST3808,SEG162
CUST3809,SEG126
CUST3810,SEG126
CUST3811,SEG175
CUST3812,SEG024
CUST3813,SEG103
CUST3814,SEG036
CUST3815,SEG018
CUST3816,SEG184
CUST3817,SEG043
CUST3818,SEG136
CUST3819,SEG189
CUST3820,SEG156
CUST3821,SEG060
CUST3822,SEG143
CUST3823,SEG097
CUST3824,SEG190
CUST3825,SEG133
CUST3826,SEG074
CUST3827,SEG076
CUST3828,SEG142
CUST3829,SEG100
CUST3830,SEG007
CUST3831,SEG121
CUST3832,SEG117
CUST3833,SEG021
CUST3834,SEG024
CUST3835,SEG054
CUST3836,SEG118
CUST3837,SEG093
CUST3838,SEG069
CUST3839,SEG065
CUST3840,SEG043
CUST3841,SEG008
CUST3842,SEG050
CUST3843,SEG091
CUST3844,SEG172
CUST3845,SEG174
CUST3846,SEG077
CUST3847,SEG021
CUST3848,SEG197
CUST3849,SEG126
CUST3850,SEG096
CUST3851,SEG175
CUST3852,SEG113
CUST3853,SEG085
CUST3854,SEG131
CUST3855,SEG094
CUST3856,SEG117
CUST3857,SEG010
CUST3858,SEG086
CUST3859,SEG143
CUST3860,SEG147
CUST3861,SEG136
CUST3862,SEG095
CUST3863,SEG132
CUST3864,SEG197
CUST3865,SEG185
CUST3866,SEG072
CUST3867,SEG066
CUST3868,SEG155
CUST3869,SEG062
CUST3870,SEG181
CUST3871,SEG034
CUST3872,SEG113
CUST3873,SEG174
CUST3874,SEG045
CUST3875,SEG165
CUST3876,SEG156
CUST3877,SEG126
CUST3878,SEG024
CUST3879,SEG183
CUST3880,SEG110
CUST3881,SEG072
CUST3882,SEG124
CUST3883,SEG035
CUST3884,SEG162
CUST3885,SEG199
CUST3886,SEG183
CUST3887,SEG042
CUST3888,SEG058
CUST3889,SEG081
CUST3890,SEG114
CUST3891,SEG126
CUST3892,SEG145
CUST3893,SEG156
CUST3894,SEG044
CUST3895,SEG051
CUST3896,SEG060
CUST3897,SEG159
CUST3898,SEG190
CUST3899,SEG079
CUST3900,SEG095
CUST3901,SEG143
CUST3902,SEG155
CUST3903,SEG155
CUST3904,SEG190
CUST3905,SEG182
CUST3906,SEG115
CUST3907,SEG134
CUST3908,SEG058
CUST3909,SEG091
CUST3910,SEG086
CUST3911,SEG099
CUST3912,SEG101
CUST3913,SEG079
CUST3914,SEG057
CUST3915,SEG189
CUST3916,SEG195
CUST3917,SEG038
CUST3918,SEG066
CUST3919,SEG044
CUST3920,SEG065
CUST3921,SEG153
CUST3922,SEG064
CUST3923,SEG023
CUST3924,SEG145
CUST3925,SEG113
CUST3926,SEG134
CUST3927,SEG129
CUST3928,SEG034
CUST3929,SEG079
CUST3930,SEG197
CUST3931,SEG152
CUST3932,SEG123
CUST3933,SEG188
CUST3934,SEG097
CUST3935,SEG074
CUST3936,SEG015
CUST3937,SEG035
CUST3938,SEG082
CUST3939,SEG121
CUST3940,SEG091
CUST3941,SEG152
CUST3942,SEG106
CUST3943,SEG122
CUST3944,SEG084
CUST3945,SEG091
CUST3946,SEG044
CUST3947,SEG187
CUST3948,SEG143
CUST3949,SEG187
CUST3950,SEG086
CUST3951,SEG078
CUST3952,SEG117
CUST3953,SEG120
CUST3954,SEG117
CUST3955,SEG198
CUST3956,SEG149
CUST3957,SEG068
CUST3958,SEG162
CUST3959,SEG143
CUST3960,SEG188
CUST3961,SEG087
CUST3962,SEG022
CUST3963,SEG184
CUST3964,SEG130
CUST3965,SEG008
CUST3966,SEG089
CUST3967,SEG089
CUST3968,SEG058
CUST3969,SEG018
CUST3970,SEG121
CUST3971,SEG049
CUST3972,SEG046
CUST3973,SEG038
CUST3974,SEG099
CUST3975,SEG075
CUST3976,SEG011
CUST3977,SEG152
CUST3978,SEG093
CUST3979,SEG030
CUST3980,SEG018
CUST3981,SEG027
CUST3982,SEG076
CUST3983,SEG011
CUST3984,SEG005
CUST3985,SEG030
CUST3986,SEG127
CUST3987,SEG156
CUST3988,SEG194
CUST3989,SEG068
CUST3990,SEG036
CUST3991,SEG189
CUST3992,SEG164
CUST3993,SEG047
CUST3994,SEG094
CUST3995,SEG033
CUST3996,SEG176
CUST3997,SEG180
CUST3998,SEG149
CUST3999,SEG161
CUST4000,SEG159
CUST4001,SEG133
CUST4002,SEG123
CUST4003,SEG104
CUST4004,SEG092
CUST4005,SEG035
CUST4006,SEG115
CUST4007,SEG098
CUST4008,SEG038
CUST4009,SEG020
CUST4010,SEG094
CUST4011,SEG031
CUST4012,SEG157
CUST4013,SEG041
CUST4014,SEG096
CUST4015,SEG143
CUST4016,SEG045
CUST4017,SEG093
CUST4018,SEG012
CUST4019,SEG007
CUST4020,SEG093
CUST4021,SEG004
CUST4022,SEG013
CUST4023,SEG074
CUST4024,SEG061
CUST4025,SEG063
CUST4026,SEG081
CUST4027,SEG086
CUST4028,SEG075
CUST4029,SEG105
CUST4030,SEG125
CUST4031,SEG133
CUST4032,SEG183
CUST4033,SEG148
CUST4034,SEG045
CUST4035,SEG165
CUST4036,SEG063
CUST4037,SEG188
CUST4038,SEG049
CUST4039,SEG114
CUST4040,SEG181
CUST4041,SEG060
CUST4042,SEG136
CUST4043,SEG189
CUST4044,SEG137
CUST4045,SEG150
CUST4046,SEG151
CUST4047,SEG011
CUST4048,SEG118
CUST4049,SEG047
CUST4050,SEG090
CUST4051,SEG044
CUST4052,SEG175
CUST4053,SEG140
CUST4054,SEG033
CUST4055,SEG140
CUST4056,SEG121
CUST4057,SEG055
CUST4058,SEG193
CUST4059,SEG200
CUST4060,SEG065
CUST4061,SEG100
CUST4062,SEG023
CUST4063,SEG144
CUST4064,SEG025
CUST4065,SEG110
CUST4066,SEG084
CUST4067,SEG171
CUST4068,SEG090
CUST4069,SEG084
CUST4070,SEG132
CUST4071,SEG175
CUST4072,SEG066
CUST4073,SEG162
CUST4074,SEG102
CUST4075,SEG024
CUST4076,SEG172
CUST4077,SEG162
CUST4078,SEG122
CUST4079,SEG156
CUST4080,SEG087
CUST4081,SEG033
CUST4082,SEG146
CUST4083,SEG020
CUST4084,SEG127
CUST4085,SEG057
CUST4086,SEG045
CUST4087,SEG124
CUST4088,SEG073
CUST4089,SEG127
CUST4090,SEG027
CUST4091,SEG129
CUST4092,SEG141
CUST4093,SEG188
CUST4094,SEG195
CUST4095,SEG023
CUST4096,SEG030
CUST4097,SEG018
CUST4098,SEG166
CUST4099,SEG118
CUST4100,SEG172
CUST4101,SEG167
CUST4102,SEG096
CUST4103,SEG184
CUST4104,SEG185
CUST4105,SEG190
CUST4106,SEG067
CUST4107,SEG129
CUST4108,SEG060
CUST4109,SEG066
CUST4110,SEG010
CUST4111,SEG137
CUST4112,SEG137
CUST4113,SEG196
CUST4114,SEG030
CUST4115,SEG084
CUST4116,SEG134
CUST4117,SEG200
CUST4118,SEG079
CUST4119,SEG196
CUST4120,SEG181
CUST4121,SEG119
CUST4122,SEG111
CUST4123,SEG134
CUST4124,SEG136
CUST4125,SEG075
CUST4126,SEG094
CUST4127,SEG102
CUST4128,SEG033
CUST4129,SEG159
CUST4130,SEG010
CUST4131,SEG190
CUST4132,SEG052
CUST4133,SEG109
CUST4134,SEG154
CUST4135,SEG189
CUST4136,SEG144
CUST4137,SEG101
CUST4138,SEG146
CUST4139,SEG053
CUST4140,SEG088
CUST4141,SEG011
CUST4142,SEG057
CUST4143,SEG137
CUST4144,SEG179
CUST4145,SEG173
CUST4146,SEG174
CUST4147,SEG169
CUST4148,SEG081
CUST4149,SEG193
CUST4150,SEG192
CUST4151,SEG117
CUST4152,SEG177
CUST4153,SEG117
CUST4154,SEG004
CUST4155,SEG162
CUST4156,SEG158
CUST4157,SEG118
CUST4158,SEG197
CUST4159,SEG194
CUST4160,SEG085
CUST4161,SEG020
CUST4162,SEG159
CUST4163,SEG082
CUST4164,SEG120
CUST4165,SEG004
CUST4166,SEG093
CUST4167,SEG105
CUST4168,SEG194
CUST4169,SEG167
CUST4170,SEG076
CUST4171,SEG074
CUST4172,SEG160
CUST4173,SEG053
CUST4174,SEG133
CUST4175,SEG175
CUST4176,SEG160
CUST4177,SEG197
CUST4178,SEG100
CUST4179,SEG076
CUST4180,SEG116
CUST4181,SEG133
CUST4182,SEG114
CUST4183,SEG090
CUST4184,SEG051
CUST4185,SEG004
CUST4186,SEG063
CUST4187,SEG123
CUST4188,SEG183
CUST4189,SEG158
CUST4190,SEG042
CUST4191,SEG191
CUST4192,SEG083
CUST4193,SEG190
CUST4194,SEG053
CUST4195,SEG010
CUST4196,SEG164
CUST4197,SEG012
CUST4198,SEG020
CUST4199,SEG051
CUST4200,SEG060
CUST4201,SEG029
CUST4202,SEG194
CUST4203,SEG093
CUST4204,SEG127
CUST4205,SEG132
CUST4206,SEG018
CUST4207,SEG144
CUST4208,SEG094
CUST4209,SEG156
CUST4210,SEG200
CUST4211,SEG040
CUST4212,SEG014
CUST4213,SEG178
CUST4214,SEG112
CUST4215,SEG154
CUST4216,SEG193
CUST4217,SEG072
CUST4218,SEG127
CUST4219,SEG051
CUST4220,SEG136
CUST4221,SEG040
CUST4222,SEG077
CUST4223,SEG029
CUST4224,SEG164
CUST4225,SEG103
CUST4226,SEG052
CUST4227,SEG039
CUST4228,SEG144
CUST4229,SEG047
CUST4230,SEG019
CUST4231,SEG002
CUST4232,SEG182
CUST4233,SEG087
CUST4234,SEG172
CUST4235,SEG093
CUST4236,SEG131
CUST4237,SEG027
CUST4238,SEG190
CUST4239,SEG044
CUST4240,SEG140
CUST4241,SEG090
CUST4242,SEG015
CUST4243,SEG057
CUST4244,SEG055
CUST4245,SEG142
CUST4246,SEG178
CUST4247,SEG122
CUST4248,SEG173
CUST4249,SEG168
CUST4250,SEG086
CUST4251,SEG153
CUST4252,SEG042
CUST4253,SEG130
CUST4254,SEG169
CUST4255,SEG086
CUST4256,SEG136
CUST4257,SEG137
CUST4258,SEG017
CUST4259,SEG106
CUST4260,SEG189
CUST4261,SEG060
CUST4262,SEG135
CUST4263,SEG085
CUST4264,SEG161
CUST4265,SEG163
CUST4266,SEG172
CUST4267,SEG138
CUST4268,SEG151
CUST4269,SEG143
CUST4270,SEG166
CUST4271,SEG092
CUST4272,SEG067
CUST4273,SEG012
CUST4274,SEG038
CUST4275,SEG019
CUST4276,SEG049
CUST4277,SEG032
CUST4278,SEG086
CUST4279,SEG019
CUST4280,SEG186
CUST4281,SEG135
CUST4282,SEG123
CUST4283,SEG178
CUST4284,SEG160
CUST4285,SEG009
CUST4286,SEG164
CUST4287,SEG198
CUST4288,SEG084
CUST4289,SEG026
CUST4290,SEG131
CUST4291,SEG101
CUST4292,SEG001
CUST4293,SEG092
CUST4294,SEG092
CUST4295,SEG145
CUST4296,SEG182
CUST4297,SEG024
CUST4298,SEG186
CUST4299,SEG148
CUST4300,SEG118
CUST4301,SEG050
CUST4302,SEG196
CUST4303,SEG158
CUST4304,SEG174
CUST4305,SEG028
CUST4306,SEG097
CUST4307,SEG104
CUST4308,SEG009
CUST4309,SEG094
CUST4310,SEG071
CUST4311,SEG034
CUST4312,SEG084
CUST4313,SEG066
CUST4314,SEG183
CUST4315,SEG196
CUST4316,SEG086
CUST4317,SEG007
CUST4318,SEG186
CUST4319,SEG084
CUST4320,SEG190
CUST4321,SEG004
CUST4322,SEG077
CUST4323,SEG018
CUST4324,SEG195
CUST4325,SEG070
CUST4326,SEG154
CUST4327,SEG052
CUST4328,SEG150
CUST4329,SEG113
CUST4330,SEG096
CUST4331,SEG118
CUST4332,SEG037
CUST4333,SEG180
CUST4334,SEG042
CUST4335,SEG056
CUST4336,SEG154
CUST4337,SEG068
CUST4338,SEG112
CUST4339,SEG172
CUST4340,SEG137
CUST4341,SEG165
CUST4342,SEG183
CUST4343,SEG168
CUST4344,SEG035
CUST4345,SEG079
CUST4346,SEG165
CUST4347,SEG083
CUST4348,SEG166
CUST4349,SEG143
CUST4350,SEG080
CUST4351,SEG026
CUST4352,SEG072
CUST4353,SEG129
CUST4354,SEG188
CUST4355,SEG124
CUST4356,SEG151
CUST4357,SEG183
CUST4358,SEG118
CUST4359,SEG146
CUST4360,SEG003
CUST4361,SEG174
CUST4362,SEG146
CUST4363,SEG161
CUST4364,SEG086
CUST4365,SEG093
CUST4366,SEG001
CUST4367,SEG061
CUST4368,SEG193
CUST4369,SEG172
CUST4370,SEG014
CUST4371,SEG021
CUST4372,SEG089
CUST4373,SEG051
CUST4374,SEG159
CUST4375,SEG172
CUST4376,SEG007
CUST4377,SEG181
CUST4378,SEG187
CUST4379,SEG191
CUST4380,SEG154
CUST4381,SEG180
CUST4382,SEG112
CUST4383,SEG027
CUST4384,SEG010
CUST4385,SEG131
CUST4386,SEG131
CUST4387,SEG031
CUST4388,SEG036
CUST4389,SEG102
CUST4390,SEG199
CUST4391,SEG154
CUST4392,SEG200
CUST4393,SEG044
CUST4394,SEG161
CUST4395,SEG148
CUST4396,SEG020
CUST4397,SEG074
CUST4398,SEG113
CUST4399,SEG144
CUST4400,SEG161
CUST4401,SEG017
CUST4402,SEG038
CUST4403,SEG172
CUST4404,SEG057
CUST4405,SEG133
CUST4406,SEG183
CUST4407,SEG024
CUST4408,SEG052
CUST4409,SEG173
CUST4410,SEG035
CUST4411,SEG020
CUST4412,SEG114
CUST4413,SEG008
CUST4414,SEG035
CUST4415,SEG122
CUST4416,SEG043
CUST4417,SEG026
CUST4418,SEG004
CUST4419,SEG169
CUST4420,SEG044
CUST4421,SEG089
CUST4422,SEG171
CUST4423,SEG063
CUST4424,SEG059
CUST4425,SEG134
CUST4426,SEG093
CUST4427,SEG074
CUST4428,SEG124
CUST4429,SEG167
CUST4430,SEG087
CUST4431,SEG017
CUST4432,SEG155
CUST4433,SEG045
CUST4434,SEG058
CUST4435,SEG033
CUST4436,SEG138
CUST4437,SEG108
CUST4438,SEG175
CUST4439,SEG173
CUST4440,SEG160
CUST4441,SEG034
CUST4442,SEG133
CUST4443,SEG113
CUST4444,SEG179
CUST4445,SEG022
CUST4446,SEG155
CUST4447,SEG085
CUST4448,SEG180
CUST4449,SEG077
CUST4450,SEG134
CUST4451,SEG189
CUST4452,SEG009
CUST4453,SEG045
CUST4454,SEG133
CUST4455,SEG113
CUST4456,SEG144
CUST4457,SEG025
CUST4458,SEG081
CUST4459,SEG006
CUST4460,SEG091
CUST4461,SEG153
CUST4462,SEG103
CUST4463,SEG037
CUST4464,SEG043
CUST4465,SEG193
CUST4466,SEG138
CUST4467,SEG031
CUST4468,SEG053
CUST4469,SEG180
CUST4470,SEG121
CUST4471,SEG141
CUST4472,SEG136
CUST4473,SEG066
CUST4474,SEG059
CUST4475,SEG108
CUST4476,SEG139
CUST4477,SEG165
CUST4478,SEG071
CUST4479,SEG179
CUST4480,SEG124
CUST4481,SEG012
CUST4482,SEG123
CUST4483,SEG010
CUST4484,SEG071
CUST4485,SEG104
CUST4486,SEG112
CUST4487,SEG005
CUST4488,SEG041
CUST4489,SEG117
CUST4490,SEG027
CUST4491,SEG090
CUST4492,SEG115
CUST4493,SEG045
CUST4494,SEG078
CUST4495,SEG057
CUST4496,SEG040
CUST4497,SEG084
CUST4498,SEG015
CUST4499,SEG179
CUST4500,SEG182
CUST4501,SEG083
CUST4502,SEG117
CUST4503,SEG150
CUST4504,SEG050
CUST4505,SEG188
CUST4506,SEG105
CUST4507,SEG147
CUST4508,SEG039
CUST4509,SEG130
CUST4510,SEG006
CUST4511,SEG039
CUST4512,SEG007
CUST4513,SEG184
CUST4514,SEG103
CUST4515,SEG186
CUST4516,SEG044
CUST4517,SEG145
CUST4518,SEG103
CUST4519,SEG083
CUST4520,SEG087
CUST4521,SEG079
CUST4522,SEG149
CUST4523,SEG132
CUST4524,SEG198
CUST4525,SEG154
CUST4526,SEG196
CUST4527,SEG136
CUST4528,SEG005
CUST4529,SEG098
CUST4530,SEG023
CUST4531,SEG054
CUST4532,SEG193
CUST4533,SEG130
CUST4534,SEG180
CUST4535,SEG049
CUST4536,SEG159
CUST4537,SEG080
CUST4538,SEG151
CUST4539,SEG044
CUST4540,SEG065
CUST4541,SEG104
CUST4542,SEG103
CUST4543,SEG033
CUST4544,SEG189
CUST4545,SEG104
CUST4546,SEG075
CUST4547,SEG076
CUST4548,SEG144
CUST4549,SEG132
CUST4550,SEG008
CUST4551,SEG109
CUST4552,SEG119
CUST4553,SEG177
CUST4554,SEG193
CUST4555,SEG002
CUST4556,SEG047
CUST4557,SEG186
CUST4558,SEG159
CUST4559,SEG174
CUST4560,SEG190
CUST4561,SEG017
CUST4562,SEG134
CUST4563,SEG150
CUST4564,SEG063
CUST4565,SEG023
CUST4566,SEG030
CUST4567,SEG124
CUST4568,SEG153
CUST4569,SEG125
CUST4570,SEG014
CUST4571,SEG010
CUST4572,SEG007
CUST4573,SEG074
CUST4574,SEG103
CUST4575,SEG195
CUST4576,SEG182
CUST4577,SEG197
CUST4578,SEG023
CUST4579,SEG114
CUST4580,SEG163
CUST4581,SEG200
CUST4582,SEG066
CUST4583,SEG105
CUST4584,SEG052
CUST4585,SEG180
CUST4586,SEG173
CUST4587,SEG184
CUST4588,SEG173
CUST4589,SEG102
CUST4590,SEG043
CUST4591,SEG168
CUST4592,SEG069
CUST4593,SEG096
CUST4594,SEG200
CUST4595,SEG178
CUST4596,SEG048
CUST4597,SEG115
CUST4598,SEG155
CUST4599,SEG067
CUST4600,SEG164
CUST4601,SEG066
CUST4602,SEG052
CUST4603,SEG034
CUST4604,SEG087
CUST4605,SEG176
CUST4606,SEG105
CUST4607,SEG045
CUST4608,SEG027
CUST4609,SEG055
CUST4610,SEG174
CUST4611,SEG024
CUST4612,SEG045
CUST4613,SEG108
CUST4614,SEG014
CUST4615,SEG173
CUST4616,SEG107
CUST4617,SEG077
CUST4618,SEG182
CUST4619,SEG050
CUST4620,SEG149
CUST4621,SEG193
CUST4622,SEG139
CUST4623,SEG094
CUST4624,SEG057
CUST4625,SEG021
CUST4626,SEG013
CUST4627,SEG110
CUST4628,SEG081
CUST4629,SEG174
CUST4630,SEG153
CUST4631,SEG055
CUST4632,SEG017
CUST4633,SEG127
CUST4634,SEG064
CUST4635,SEG022
CUST4636,SEG090
CUST4637,SEG035
CUST4638,SEG151
CUST4639,SEG173
CUST4640,SEG128
CUST4641,SEG064
CUST4642,SEG007
CUST4643,SEG001
CUST4644,SEG126
CUST4645,SEG066
CUST4646,SEG136
CUST4647,SEG095
CUST4648,SEG131
CUST4649,SEG051
CUST4650,SEG004
CUST4651,SEG186
CUST4652,SEG140
CUST4653,SEG033
CUST4654,SEG180
CUST4655,SEG170
CUST4656,SEG024
CUST4657,SEG061
CUST4658,SEG019
CUST4659,SEG198
CUST4660,SEG166
CUST4661,SEG195
CUST4662,SEG023
CUST4663,SEG142
CUST4664,SEG135
CUST4665,SEG189
CUST4666,SEG002
CUST4667,SEG051
CUST4668,SEG056
CUST4669,SEG154
CUST4670,SEG156
CUST4671,SEG143
CUST4672,SEG183
CUST4673,SEG045
CUST4674,SEG138
CUST4675,SEG182
CUST4676,SEG173
CUST4677,SEG133
CUST4678,SEG024
CUST4679,SEG006
CUST4680,SEG121
CUST4681,SEG046
CUST4682,SEG066
CUST4683,SEG137
CUST4684,SEG064
CUST4685,SEG108
CUST4686,SEG084
CUST4687,SEG073
CUST4688,SEG184
CUST4689,SEG071
CUST4690,SEG167
CUST4691,SEG115
CUST4692,SEG157
CUST4693,SEG047
CUST4694,SEG079
CUST4695,SEG084
CUST4696,SEG081
CUST4697,SEG025
CUST4698,SEG144
CUST4699,SEG084
CUST4700,SEG137
CUST4701,SEG078
CUST4702,SEG123
CUST4703,SEG146
CUST4704,SEG150
CUST4705,SEG103
CUST4706,SEG008
CUST4707,SEG084
CUST4708,SEG116
CUST4709,SEG133
CUST4710,SEG070
CUST4711,SEG107
CUST4712,SEG128
CUST4713,SEG110
CUST4714,SEG093
CUST4715,SEG165
CUST4716,SEG011
CUST4717,SEG049
CUST4718,SEG121
CUST4719,SEG047
CUST4720,SEG178
CUST4721,SEG143
CUST4722,SEG098
CUST4723,SEG042
CUST4724,SEG119
CUST4725,SEG171
CUST4726,SEG081
CUST4727,SEG171
CUST4728,SEG153
CUST4729,SEG046
CUST4730,SEG125
CUST4731,SEG016
CUST4732,SEG089
CUST4733,SEG169
CUST4734,SEG079
CUST4735,SEG136
CUST4736,SEG062
CUST4737,SEG095
CUST4738,SEG058
CUST4739,SEG038
CUST4740,SEG087
CUST4741,SEG075
CUST4742,SEG029
CUST4743,SEG062
CUST4744,SEG096
CUST4745,SEG049
CUST4746,SEG125
CUST4747,SEG055
CUST4748,SEG077
CUST4749,SEG076
CUST4750,SEG032
CUST4751,SEG112
CUST4752,SEG152
CUST4753,SEG062
CUST4754,SEG169
CUST4755,SEG135
CUST4756,SEG068
CUST4757,SEG121
CUST4758,SEG114
CUST4759,SEG166
CUST4760,SEG160
CUST4761,SEG071
CUST4762,SEG059
CUST4763,SEG128
CUST4764,SEG007
CUST4765,SEG120
CUST4766,SEG148
CUST4767,SEG200
CUST4768,SEG042
CUST4769,SEG127
CUST4770,SEG138
CUST4771,SEG166
CUST4772,SEG124
CUST4773,SEG190
CUST4774,SEG161
CUST4775,SEG158
CUST4776,SEG004
CUST4777,SEG012
CUST4778,SEG128
CUST4779,SEG174
CUST4780,SEG039
CUST4781,SEG135
CUST4782,SEG118
CUST4783,SEG081
CUST4784,SEG199
CUST4785,SEG064
CUST4786,SEG068
CUST4787,SEG022
CUST4788,SEG094
CUST4789,SEG089
CUST4790,SEG170
CUST4791,SEG120
CUST4792,SEG007
CUST4793,SEG145
CUST4794,SEG018
CUST4795,SEG035
CUST4796,SEG065
CUST4797,SEG187
CUST4798,SEG112
CUST4799,SEG019
CUST4800,SEG056
CUST4801,SEG037
CUST4802,SEG140
CUST4803,SEG075
CUST4804,SEG025
CUST4805,SEG123
CUST4806,SEG091
CUST4807,SEG162
CUST4808,SEG085
CUST4809,SEG140
CUST4810,SEG036
CUST4811,SEG062
CUST4812,SEG055
CUST4813,SEG184
CUST4814,SEG170
CUST4815,SEG100
CUST4816,SEG154
CUST4817,SEG181
CUST4818,SEG135
CUST4819,SEG039
CUST4820,SEG145
CUST4821,SEG195
CUST4822,SEG034
CUST4823,SEG165
CUST4824,SEG079
CUST4825,SEG017
CUST4826,SEG181
CUST4827,SEG101
CUST4828,SEG047
CUST4829,SEG121
CUST4830,SEG092
CUST4831,SEG147
CUST4832,SEG023
CUST4833,SEG046
CUST4834,SEG105
CUST4835,SEG111
CUST4836,SEG054
CUST4837,SEG080
CUST4838,SEG081
CUST4839,SEG156
CUST4840,SEG076
CUST4841,SEG142
CUST4842,SEG143
CUST4843,SEG009
CUST4844,SEG103
CUST4845,SEG032
CUST4846,SEG068
CUST4847,SEG004
CUST4848,SEG017
CUST4849,SEG159
CUST4850,SEG084
CUST4851,SEG141
CUST4852,SEG169
CUST4853,SEG190
CUST4854,SEG102
CUST4855,SEG145
CUST4856,SEG136
CUST4857,SEG137
CUST4858,SEG079
CUST4859,SEG057
CUST4860,SEG139
CUST4861,SEG080
CUST4862,SEG113
CUST4863,SEG015
CUST4864,SEG010
CUST4865,SEG180
CUST4866,SEG037
CUST4867,SEG176
CUST4868,SEG088
CUST4869,SEG161
CUST4870,SEG093
CUST4871,SEG189
CUST4872,SEG144
CUST4873,SEG156
CUST4874,SEG127
CUST4875,SEG143
CUST4876,SEG162
CUST4877,SEG116
CUST4878,SEG136
CUST4879,SEG049
CUST4880,SEG136
CUST4881,SEG096
CUST4882,SEG163
CUST4883,SEG091
CUST4884,SEG017
CUST4885,SEG067
CUST4886,SEG085
CUST4887,SEG111
CUST4888,SEG075
CUST4889,SEG056
CUST4890,SEG033
CUST4891,SEG129
CUST4892,SEG102
CUST4893,SEG058
CUST4894,SEG063
CUST4895,SEG048
CUST4896,SEG077
CUST4897,SEG074
CUST4898,SEG002
CUST4899,SEG002
CUST4900,SEG073
CUST4901,SEG096
CUST4902,SEG083
CUST4903,SEG025
CUST4904,SEG113
CUST4905,SEG154
CUST4906,SEG145
CUST4907,SEG056
CUST4908,SEG088
CUST4909,SEG122
CUST4910,SEG072
CUST4911,SEG045
CUST4912,SEG122
CUST4913,SEG141
CUST4914,SEG117
CUST4915,SEG158
CUST4916,SEG175
CUST4917,SEG079
CUST4918,SEG067
CUST4919,SEG092
CUST4920,SEG160
CUST4921,SEG086
CUST4922,SEG085
CUST4923,SEG090
CUST4924,SEG197
CUST4925,SEG108
CUST4926,SEG100
CUST4927,SEG085
CUST4928,SEG095
CUST4929,SEG012
CUST4930,SEG064
CUST4931,SEG083
CUST4932,SEG138
CUST4933,SEG135
CUST4934,SEG129
CUST4935,SEG073
CUST4936,SEG157
CUST4937,SEG057
CUST4938,SEG053
CUST4939,SEG072
CUST4940,SEG156
CUST4941,SEG160
CUST4942,SEG149
CUST4943,SEG141
CUST4944,SEG071
CUST4945,SEG001
CUST4946,SEG117
CUST4947,SEG178
CUST4948,SEG137
CUST4949,SEG175
CUST4950,SEG096
CUST4951,SEG101
CUST4952,SEG055
CUST4953,SEG087
CUST4954,SEG023
CUST4955,SEG164
CUST4956,SEG098
CUST4957,SEG033
CUST4958,SEG079
CUST4959,SEG142
CUST4960,SEG003
CUST4961,SEG110
CUST4962,SEG156
CUST4963,SEG045
CUST4964,SEG184
CUST4965,SEG078
CUST4966,SEG081
CUST4967,SEG169
CUST4968,SEG068
CUST4969,SEG026
CUST4970,SEG153
CUST4971,SEG166
CUST4972,SEG198
CUST4973,SEG034
CUST4974,SEG100
CUST4975,SEG172
CUST4976,SEG046
CUST4977,SEG145
CUST4978,SEG062
CUST4979,SEG169
CUST4980,SEG050
CUST4981,SEG085
CUST4982,SEG048
CUST4983,SEG173
CUST4984,SEG149
CUST4985,SEG033
CUST4986,SEG103
CUST4987,SEG087
CUST4988,SEG075
CUST4989,SEG111
CUST4990,SEG158
CUST4991,SEG092
CUST4992,SEG001
CUST4993,SEG191
CUST4994,SEG138
CUST4995,SEG105
CUST4996,SEG117
CUST4997,SEG107
CUST4998,SEG074
CUST4999,SEG176
CUST5000,SEG194
